success,termination_reason,steps,total_time_s,path_length_m,straight_line_distance_m,extra_distance_ratio,normalized_time_ratio,final_goal_distance_m,min_person_distance_m,collision_steps,hazard_steps_lt_social_distance,hazard_time_ratio,hazard_ratio_given_social_presence,sidewalk_violation_steps,sidewalk_violation_ratio,mean_speed_mps,mean_abs_yaw_rate_radps,mean_abs_accel_mps2,mean_abs_jerk_mps3,seed,algorithm
False,collision,430,214.5,210.22,295.85,0.7106,0.725,85.826,0.03,1,22,0.0512,0.0529,0,0.0,0.978,0.057,0.046,0.151,1,dwa
False,collision,422,210.5,205.409,295.85,0.6943,0.7115,91.998,0.018,1,45,0.1066,0.1175,0,0.0,0.974,0.072,0.054,0.162,2,dwa
False,max_time,841,420.0,171.72,295.85,0.5804,1.4196,124.432,0.507,0,490,0.5826,0.5861,0,0.0,0.409,0.062,0.011,0.031,3,dwa
False,collision,426,212.5,206.12,295.85,0.6967,0.7183,89.985,0.366,1,13,0.0305,0.0331,0,0.0,0.968,0.051,0.068,0.232,4,dwa
False,collision,461,230.0,225.57,295.85,0.7624,0.7774,70.886,0.138,1,34,0.0738,0.0738,0,0.0,0.979,0.055,0.018,0.05,5,dwa
False,collision,451,225.0,214.51,295.85,0.7251,0.7605,82.188,0.158,1,21,0.0466,0.0516,0,0.0,0.952,0.071,0.097,0.315,6,dwa
False,collision,498,248.5,243.56,295.85,0.8233,0.84,52.962,0.238,1,29,0.0582,0.06,0,0.0,0.979,0.057,0.031,0.093,7,dwa
False,collision,426,212.5,206.96,295.85,0.6995,0.7183,89.468,0.192,1,23,0.054,0.055,0,0.0,0.972,0.061,0.027,0.07,8,dwa
True,goal_reached,632,315.5,297.649,295.85,1.0061,1.0664,0.225,0.404,0,40,0.0633,0.0655,0,0.0,0.942,0.077,0.052,0.127,9,dwa
False,collision,553,276.0,265.918,295.85,0.8988,0.9329,32.581,0.277,1,52,0.094,0.094,0,0.0,0.962,0.086,0.066,0.194,10,dwa
False,collision,436,217.5,216.32,295.85,0.7312,0.7352,79.835,0.208,1,2,0.0046,0.0053,0,0.0,0.993,0.051,0.01,0.022,11,dwa
False,collision,424,211.5,207.17,295.85,0.7003,0.7149,89.034,0.19,1,29,0.0684,0.0771,0,0.0,0.978,0.054,0.024,0.069,12,dwa
False,collision,424,211.5,207.66,295.85,0.7019,0.7149,88.84,0.086,1,17,0.0401,0.0401,0,0.0,0.98,0.056,0.023,0.064,13,dwa
False,collision,415,207.0,204.81,295.85,0.6923,0.6997,91.293,0.104,1,8,0.0193,0.0208,0,0.0,0.988,0.051,0.017,0.034,14,dwa
False,max_time,841,420.0,154.06,295.85,0.5207,1.4196,142.173,0.464,0,535,0.6361,0.654,0,0.0,0.367,0.063,0.026,0.087,15,dwa
False,collision,478,238.5,233.19,295.85,0.7882,0.8062,63.335,0.242,1,32,0.0669,0.0694,0,0.0,0.976,0.059,0.039,0.118,16,dwa
False,collision,429,214.0,204.51,295.85,0.6913,0.7233,91.972,0.233,1,39,0.0909,0.0911,0,0.0,0.954,0.074,0.096,0.335,17,dwa
False,collision,450,224.5,220.28,295.85,0.7446,0.7588,75.985,0.223,1,32,0.0711,0.0729,0,0.0,0.98,0.055,0.034,0.105,18,dwa
False,collision,428,213.5,210.46,295.85,0.7114,0.7216,85.903,0.245,1,24,0.0561,0.065,0,0.0,0.984,0.056,0.019,0.051,19,dwa
False,collision,419,209.0,206.92,295.85,0.6994,0.7064,89.094,0.327,1,18,0.043,0.0485,0,0.0,0.988,0.048,0.014,0.029,20,dwa
False,collision,449,224.0,220.94,295.85,0.7468,0.7571,75.531,0.156,1,18,0.0401,0.0401,0,0.0,0.985,0.056,0.026,0.065,21,dwa
False,collision,488,243.5,229.529,295.85,0.7758,0.8231,68.943,0.223,1,55,0.1127,0.1132,0,0.0,0.941,0.085,0.075,0.205,22,dwa
False,collision,462,230.5,225.22,295.85,0.7613,0.7791,71.513,0.219,1,25,0.0541,0.0656,0,0.0,0.976,0.063,0.04,0.119,23,dwa
False,collision,430,214.5,212.13,295.85,0.717,0.725,84.008,0.372,1,20,0.0465,0.0484,0,0.0,0.987,0.052,0.024,0.069,24,dwa
False,collision,428,213.5,205.81,295.85,0.6957,0.7216,90.54,0.299,1,26,0.0607,0.0686,0,0.0,0.962,0.058,0.072,0.236,25,dwa
False,collision,448,223.5,220.83,295.85,0.7464,0.7555,75.549,0.333,1,17,0.0379,0.0394,0,0.0,0.987,0.053,0.027,0.082,26,dwa
False,collision,431,215.0,212.19,295.85,0.7172,0.7267,83.929,0.243,1,29,0.0673,0.0755,0,0.0,0.985,0.054,0.025,0.071,27,dwa
False,collision,440,219.5,208.77,295.85,0.7057,0.7419,87.478,0.367,1,18,0.0409,0.0485,0,0.0,0.95,0.054,0.114,0.412,28,dwa
False,collision,434,216.5,206.38,295.85,0.6976,0.7318,90.033,0.152,1,18,0.0415,0.0427,0,0.0,0.952,0.075,0.097,0.336,29,dwa
False,collision,449,224.0,211.608,295.85,0.7153,0.7571,85.323,0.316,1,14,0.0312,0.0334,0,0.0,0.943,0.067,0.104,0.346,30,dwa
False,collision,434,216.5,211.2,295.85,0.7139,0.7318,85.148,0.273,1,24,0.0553,0.0563,0,0.0,0.974,0.053,0.041,0.135,31,dwa
False,collision,419,209.0,205.95,295.85,0.6961,0.7064,90.096,0.213,1,14,0.0334,0.0334,0,0.0,0.984,0.052,0.023,0.068,32,dwa
False,collision,79,39.0,36.13,295.85,0.1221,0.1318,259.797,0.148,1,3,0.038,0.038,0,0.0,0.918,0.088,0.176,0.588,33,dwa
False,collision,431,215.0,211.17,295.85,0.7138,0.7267,85.362,0.283,1,16,0.0371,0.0375,0,0.0,0.981,0.055,0.026,0.07,34,dwa
False,collision,444,221.5,214.857,295.85,0.7262,0.7487,82.674,0.085,1,29,0.0653,0.0653,0,0.0,0.969,0.071,0.038,0.106,35,dwa
False,collision,427,213.0,211.09,295.85,0.7135,0.72,85.172,0.213,1,33,0.0773,0.0782,0,0.0,0.989,0.051,0.016,0.034,36,dwa
False,collision,417,208.0,205.33,295.85,0.694,0.7031,90.874,0.218,1,13,0.0312,0.0319,0,0.0,0.986,0.051,0.023,0.063,37,dwa
False,collision,627,313.0,295.439,295.85,0.9986,1.058,3.694,0.197,1,60,0.0957,0.1036,0,0.0,0.943,0.093,0.076,0.204,38,dwa
False,collision,421,210.0,206.36,295.85,0.6975,0.7098,89.827,0.227,1,28,0.0665,0.0724,0,0.0,0.981,0.061,0.028,0.091,39,dwa
False,collision,102,50.5,47.13,295.85,0.1593,0.1707,249.095,0.22,1,9,0.0882,0.0882,0,0.0,0.927,0.1,0.151,0.498,40,dwa
False,collision,428,213.5,212.84,295.85,0.7194,0.7216,83.199,0.379,1,10,0.0234,0.024,0,0.0,0.995,0.047,0.008,0.015,41,dwa
False,collision,429,214.0,203.31,295.85,0.6872,0.7233,93.023,0.214,1,13,0.0303,0.0371,0,0.0,0.949,0.07,0.127,0.444,42,dwa
False,collision,439,219.0,214.54,295.85,0.7252,0.7402,82.535,0.334,1,20,0.0456,0.0491,0,0.0,0.978,0.065,0.033,0.09,43,dwa
False,collision,471,235.0,230.05,295.85,0.7776,0.7943,66.557,0.358,1,32,0.0679,0.0708,0,0.0,0.977,0.057,0.049,0.156,44,dwa
False,collision,510,254.5,249.82,295.85,0.8444,0.8602,46.641,0.383,1,14,0.0275,0.0298,0,0.0,0.98,0.07,0.04,0.123,45,dwa
False,collision,477,238.0,235.38,295.85,0.7956,0.8045,60.81,0.248,1,15,0.0314,0.035,0,0.0,0.988,0.051,0.018,0.041,46,dwa
False,collision,445,222.0,216.54,295.85,0.7319,0.7504,79.875,0.244,1,8,0.018,0.0186,0,0.0,0.974,0.073,0.041,0.135,47,dwa
False,collision,467,233.0,222.97,295.85,0.7537,0.7876,73.415,0.109,1,43,0.0921,0.1059,0,0.0,0.956,0.068,0.085,0.299,48,dwa
False,collision,431,215.0,210.76,295.85,0.7124,0.7267,85.643,0.163,1,26,0.0603,0.0619,0,0.0,0.979,0.054,0.026,0.066,49,dwa
False,collision,452,225.5,214.26,295.85,0.7242,0.7622,82.698,0.156,1,20,0.0442,0.0445,0,0.0,0.949,0.07,0.106,0.361,50,dwa
False,collision,449,224.0,217.65,295.85,0.7357,0.7571,80.522,0.266,1,29,0.0646,0.0699,0,0.0,0.97,0.07,0.036,0.112,51,dwa
False,max_time,841,420.0,116.71,295.85,0.3945,1.4196,179.547,0.447,0,618,0.7348,0.7348,0,0.0,0.278,0.066,0.008,0.022,52,dwa
False,collision,419,209.0,206.55,295.85,0.6982,0.7064,89.562,0.127,1,17,0.0406,0.0419,0,0.0,0.987,0.052,0.017,0.042,53,dwa
False,collision,455,227.0,223.83,295.85,0.7566,0.7673,72.261,0.37,1,24,0.0527,0.0532,0,0.0,0.985,0.051,0.03,0.09,54,dwa
False,collision,414,206.5,204.77,295.85,0.6921,0.698,91.437,0.371,1,11,0.0266,0.0286,0,0.0,0.99,0.053,0.014,0.023,55,dwa
False,collision,421,210.0,208.17,295.85,0.7036,0.7098,87.911,0.225,1,31,0.0736,0.0836,0,0.0,0.99,0.05,0.023,0.063,56,dwa
False,collision,421,210.0,206.14,295.85,0.6968,0.7098,90.377,0.121,1,19,0.0451,0.0452,0,0.0,0.98,0.056,0.031,0.086,57,dwa
False,collision,419,209.0,207.04,295.85,0.6998,0.7064,89.082,0.308,1,14,0.0334,0.0337,0,0.0,0.989,0.049,0.02,0.055,58,dwa
False,collision,454,226.5,219.038,295.85,0.7404,0.7656,78.249,0.25,1,32,0.0705,0.0742,0,0.0,0.966,0.074,0.054,0.159,59,dwa
False,collision,469,234.0,226.727,295.85,0.7664,0.7909,70.887,0.307,1,20,0.0426,0.0455,0,0.0,0.968,0.076,0.034,0.093,60,dwa
False,collision,442,220.5,211.69,295.85,0.7155,0.7453,85.096,0.245,1,42,0.095,0.095,0,0.0,0.959,0.079,0.082,0.289,61,dwa
False,collision,90,44.5,39.13,295.85,0.1323,0.1504,256.771,0.287,1,3,0.0333,0.0333,0,0.0,0.873,0.05,0.302,1.029,62,dwa
False,collision,467,233.0,231.09,295.85,0.7811,0.7876,65.018,0.305,1,14,0.03,0.032,0,0.0,0.99,0.049,0.016,0.038,63,dwa
False,collision,418,208.5,206.87,295.85,0.6992,0.7047,89.173,0.268,1,5,0.012,0.0135,0,0.0,0.991,0.049,0.011,0.02,64,dwa
False,collision,436,217.5,211.2,295.85,0.7139,0.7352,85.152,0.343,1,21,0.0482,0.0482,0,0.0,0.969,0.056,0.044,0.125,65,dwa
False,collision,421,210.0,207.3,295.85,0.7007,0.7098,88.78,0.223,1,10,0.0238,0.0257,0,0.0,0.986,0.051,0.019,0.05,66,dwa
False,collision,516,257.5,249.747,295.85,0.8442,0.8704,48.049,0.194,1,38,0.0736,0.076,0,0.0,0.969,0.083,0.051,0.145,67,dwa
False,collision,416,207.5,205.38,295.85,0.6942,0.7014,90.783,0.184,1,24,0.0577,0.0594,0,0.0,0.988,0.051,0.015,0.036,68,dwa
False,collision,475,237.0,229.23,295.85,0.7748,0.8011,67.582,0.232,1,21,0.0442,0.0455,0,0.0,0.966,0.068,0.037,0.09,69,dwa
False,collision,446,222.5,216.39,295.85,0.7314,0.7521,79.781,0.238,1,23,0.0516,0.0591,0,0.0,0.971,0.055,0.05,0.164,70,dwa
False,collision,427,213.0,208.73,295.85,0.7055,0.72,87.522,0.166,1,21,0.0492,0.051,0,0.0,0.978,0.055,0.027,0.065,71,dwa
False,collision,439,219.0,213.69,295.85,0.7223,0.7402,82.836,0.279,1,16,0.0364,0.0383,0,0.0,0.974,0.074,0.059,0.193,72,dwa
False,collision,507,253.0,245.63,295.85,0.8303,0.8552,51.283,0.239,1,33,0.0651,0.0659,0,0.0,0.97,0.067,0.037,0.108,73,dwa
False,collision,420,209.5,205.76,295.85,0.6955,0.7081,90.422,0.183,1,26,0.0619,0.0644,0,0.0,0.981,0.053,0.029,0.077,74,dwa
False,collision,443,221.0,217.33,295.85,0.7346,0.747,79.028,0.206,1,25,0.0564,0.0584,0,0.0,0.982,0.057,0.029,0.077,75,dwa
False,collision,428,213.5,205.36,295.85,0.6941,0.7216,91.045,0.193,1,61,0.1425,0.1425,0,0.0,0.96,0.069,0.091,0.325,76,dwa
False,collision,434,216.5,215.47,295.85,0.7283,0.7318,80.532,0.263,1,5,0.0115,0.0129,0,0.0,0.994,0.048,0.009,0.019,77,dwa
False,collision,450,224.5,221.84,295.85,0.7498,0.7588,74.244,0.285,1,15,0.0333,0.0359,0,0.0,0.987,0.049,0.022,0.064,78,dwa
False,collision,436,217.5,207.16,295.85,0.7002,0.7352,89.53,0.12,1,43,0.0986,0.1059,0,0.0,0.951,0.069,0.101,0.348,79,dwa
False,collision,470,234.5,227.83,295.85,0.7701,0.7926,70.017,0.329,1,19,0.0404,0.0519,0,0.0,0.97,0.077,0.041,0.102,80,dwa
False,collision,421,210.0,207.67,295.85,0.7019,0.7098,88.596,0.052,1,10,0.0238,0.0255,0,0.0,0.987,0.064,0.017,0.044,81,dwa
False,collision,427,213.0,210.21,295.85,0.7105,0.72,86.005,0.175,1,18,0.0422,0.0436,0,0.0,0.985,0.052,0.026,0.068,82,dwa
False,collision,487,243.0,233.346,295.85,0.7887,0.8214,64.191,0.168,1,31,0.0637,0.0637,0,0.0,0.959,0.099,0.055,0.159,83,dwa
False,collision,460,229.5,224.27,295.85,0.7581,0.7757,72.4,0.237,1,27,0.0587,0.0615,0,0.0,0.976,0.061,0.048,0.137,84,dwa
False,collision,436,217.5,213.97,295.85,0.7232,0.7352,82.341,0.109,1,14,0.0321,0.0359,0,0.0,0.982,0.055,0.028,0.077,85,dwa
False,collision,453,226.0,216.948,295.85,0.7333,0.7639,80.159,0.169,1,32,0.0706,0.0726,0,0.0,0.958,0.08,0.069,0.229,86,dwa
False,collision,426,212.5,207.94,295.85,0.7029,0.7183,88.053,0.218,1,33,0.0775,0.0935,0,0.0,0.977,0.049,0.034,0.107,87,dwa
False,collision,606,302.5,294.0,295.85,0.9937,1.0225,3.79,0.176,1,37,0.0611,0.0612,0,0.0,0.971,0.073,0.037,0.085,88,dwa
False,collision,444,221.5,215.09,295.85,0.727,0.7487,81.151,0.125,1,17,0.0383,0.0392,0,0.0,0.97,0.056,0.06,0.195,89,dwa
False,collision,412,205.5,203.98,295.85,0.6895,0.6946,92.101,0.316,1,16,0.0388,0.0401,0,0.0,0.991,0.047,0.021,0.071,90,dwa
False,collision,50,24.5,20.81,295.85,0.0703,0.0828,275.076,0.102,1,3,0.06,0.06,0,0.0,0.838,0.047,0.385,1.397,91,dwa
False,collision,415,207.0,204.77,295.85,0.6921,0.6997,91.428,0.242,1,17,0.041,0.041,0,0.0,0.988,0.052,0.018,0.042,92,dwa
False,collision,436,217.5,210.93,295.85,0.713,0.7352,86.122,0.185,1,57,0.1307,0.1377,0,0.0,0.968,0.069,0.059,0.181,93,dwa
False,collision,426,212.5,208.98,295.85,0.7064,0.7183,87.235,0.321,1,20,0.0469,0.0504,0,0.0,0.982,0.052,0.033,0.096,94,dwa
False,collision,525,262.0,257.06,295.85,0.8689,0.8856,39.323,0.137,1,30,0.0571,0.0571,0,0.0,0.98,0.057,0.033,0.096,95,dwa
False,collision,417,208.0,203.92,295.85,0.6893,0.7031,92.69,0.233,1,40,0.0959,0.0985,0,0.0,0.979,0.058,0.036,0.099,96,dwa
False,max_time,841,420.0,112.32,295.85,0.3797,1.4196,183.782,0.688,0,605,0.7194,0.7194,0,0.0,0.267,0.065,0.005,0.01,97,dwa
False,max_time,841,420.0,170.79,295.85,0.5773,1.4196,125.461,0.558,0,499,0.5933,0.5933,0,0.0,0.407,0.062,0.017,0.056,98,dwa
False,collision,444,221.5,208.33,295.85,0.7042,0.7487,88.033,0.228,1,68,0.1532,0.1581,0,0.0,0.939,0.071,0.076,0.248,99,dwa
False,collision,436,217.5,213.51,295.85,0.7217,0.7352,82.813,0.236,1,17,0.039,0.0414,0,0.0,0.98,0.053,0.027,0.078,100,dwa
True,goal_reached,627,313.0,298.248,295.85,1.0081,1.058,0.245,0.432,0,43,0.0686,0.0735,0,0.0,0.952,0.079,0.053,0.129,101,dwa
False,collision,446,222.5,221.01,295.85,0.747,0.7521,75.017,0.23,1,8,0.0179,0.0216,0,0.0,0.992,0.048,0.016,0.046,102,dwa
False,collision,439,219.0,213.639,295.85,0.7221,0.7402,83.954,0.206,1,11,0.0251,0.0272,0,0.0,0.974,0.067,0.022,0.047,103,dwa
False,collision,420,209.5,205.07,295.85,0.6932,0.7081,91.25,0.039,1,44,0.1048,0.112,0,0.0,0.977,0.056,0.051,0.162,104,dwa
False,collision,450,224.5,219.83,295.85,0.743,0.7588,76.759,0.259,1,24,0.0533,0.0539,0,0.0,0.978,0.061,0.028,0.069,105,dwa
False,collision,441,220.0,216.85,295.85,0.733,0.7436,79.346,0.048,1,35,0.0794,0.0837,0,0.0,0.984,0.053,0.029,0.086,106,dwa
False,collision,420,209.5,207.67,295.85,0.7019,0.7081,88.34,0.204,1,6,0.0143,0.0146,0,0.0,0.99,0.049,0.012,0.022,107,dwa
False,collision,597,298.0,289.378,295.85,0.9781,1.0073,7.779,0.302,1,43,0.072,0.0723,0,0.0,0.97,0.066,0.044,0.134,108,dwa
False,collision,416,207.5,204.84,295.85,0.6924,0.7014,91.197,0.216,1,18,0.0433,0.0465,0,0.0,0.986,0.051,0.025,0.072,109,dwa
False,collision,460,229.5,218.99,295.85,0.7402,0.7757,77.349,0.04,1,33,0.0717,0.0776,0,0.0,0.953,0.063,0.096,0.331,110,dwa
False,collision,421,210.0,206.66,295.85,0.6985,0.7098,89.471,0.171,1,10,0.0238,0.0238,0,0.0,0.982,0.05,0.02,0.059,111,dwa
False,collision,421,210.0,207.6,295.85,0.7017,0.7098,88.491,0.231,1,30,0.0713,0.0748,0,0.0,0.987,0.051,0.024,0.069,112,dwa
False,collision,463,231.0,227.02,295.85,0.7673,0.7808,70.093,0.172,1,28,0.0605,0.0605,0,0.0,0.981,0.063,0.042,0.125,113,dwa
False,collision,451,225.0,211.907,295.85,0.7163,0.7605,84.894,0.297,1,61,0.1353,0.147,0,0.0,0.94,0.071,0.109,0.396,114,dwa
False,collision,477,238.0,232.06,295.85,0.7844,0.8045,64.16,0.146,1,36,0.0755,0.0843,0,0.0,0.974,0.056,0.05,0.173,115,dwa
False,collision,422,210.5,204.85,295.85,0.6924,0.7115,91.439,0.206,1,42,0.0995,0.0995,0,0.0,0.972,0.058,0.044,0.138,116,dwa
True,goal_reached,654,326.5,296.867,295.85,1.0034,1.1036,0.244,0.402,0,63,0.0963,0.0992,0,0.0,0.908,0.069,0.08,0.238,117,dwa
False,collision,427,213.0,204.97,295.85,0.6928,0.72,91.629,0.376,1,41,0.096,0.096,0,0.0,0.961,0.062,0.064,0.219,118,dwa
False,collision,419,209.0,206.31,295.85,0.6973,0.7064,89.932,0.18,1,14,0.0334,0.0347,0,0.0,0.985,0.054,0.022,0.056,119,dwa
False,collision,435,217.0,214.0,295.85,0.7233,0.7335,82.078,0.105,1,10,0.023,0.0283,0,0.0,0.985,0.049,0.015,0.04,120,dwa
False,collision,424,211.5,208.21,295.85,0.7038,0.7149,87.918,0.273,1,20,0.0472,0.048,0,0.0,0.983,0.054,0.03,0.095,121,dwa
False,collision,475,237.0,230.598,295.85,0.7794,0.8011,66.622,0.145,1,23,0.0484,0.055,0,0.0,0.972,0.069,0.035,0.093,122,dwa
False,collision,441,220.0,207.0,295.85,0.6997,0.7436,89.202,0.163,1,35,0.0794,0.0858,0,0.0,0.939,0.055,0.058,0.179,123,dwa
False,collision,429,214.0,208.99,295.85,0.7064,0.7233,87.314,0.16,1,42,0.0979,0.1183,0,0.0,0.975,0.055,0.028,0.077,124,dwa
False,collision,468,233.5,224.44,295.85,0.7586,0.7893,72.045,0.104,1,19,0.0406,0.0421,0,0.0,0.96,0.068,0.076,0.252,125,dwa
False,collision,422,210.5,207.69,295.85,0.702,0.7115,88.476,0.289,1,8,0.019,0.0208,0,0.0,0.985,0.052,0.019,0.042,126,dwa
False,collision,461,230.0,224.27,295.85,0.7581,0.7774,72.226,0.152,1,32,0.0694,0.0808,0,0.0,0.974,0.06,0.038,0.093,127,dwa
False,collision,423,211.0,204.18,295.85,0.6901,0.7132,92.062,0.163,1,35,0.0827,0.0873,0,0.0,0.966,0.055,0.045,0.137,128,dwa
False,collision,340,169.5,167.62,295.85,0.5666,0.5729,128.749,0.381,1,23,0.0676,0.0701,0,0.0,0.987,0.055,0.025,0.062,129,dwa
False,collision,455,227.0,222.75,295.85,0.7529,0.7673,73.476,0.19,1,30,0.0659,0.0716,0,0.0,0.98,0.055,0.041,0.122,130,dwa
False,collision,110,54.5,50.8,295.85,0.1717,0.1842,245.151,0.098,1,3,0.0273,0.0273,0,0.0,0.926,0.086,0.163,0.539,131,dwa
False,collision,449,224.0,221.22,295.85,0.7477,0.7571,75.013,0.116,1,14,0.0312,0.0312,0,0.0,0.986,0.053,0.017,0.027,132,dwa
False,collision,419,209.0,205.63,295.85,0.695,0.7064,90.518,0.257,1,16,0.0382,0.0385,0,0.0,0.982,0.055,0.024,0.069,133,dwa
False,collision,460,229.5,227.06,295.85,0.7675,0.7757,69.142,0.215,1,19,0.0413,0.0437,0,0.0,0.988,0.05,0.021,0.056,134,dwa
False,collision,433,216.0,214.04,295.85,0.7235,0.7301,82.086,0.254,1,10,0.0231,0.0235,0,0.0,0.989,0.05,0.016,0.041,135,dwa
False,collision,443,221.0,214.317,295.85,0.7244,0.747,82.819,0.227,1,23,0.0519,0.052,0,0.0,0.968,0.068,0.035,0.098,136,dwa
False,collision,122,60.5,54.67,295.85,0.1848,0.2045,241.306,0.239,1,3,0.0246,0.0246,0,0.0,0.899,0.082,0.221,0.751,137,dwa
False,collision,453,226.0,220.65,295.85,0.7458,0.7639,75.727,0.342,1,23,0.0508,0.0523,0,0.0,0.975,0.058,0.059,0.192,138,dwa
False,collision,418,208.5,207.35,295.85,0.7009,0.7047,88.651,0.291,1,2,0.0048,0.0052,0,0.0,0.993,0.049,0.008,0.007,139,dwa
False,collision,427,213.0,210.99,295.85,0.7132,0.72,85.193,0.311,1,8,0.0187,0.0265,0,0.0,0.989,0.053,0.015,0.029,140,dwa
False,collision,433,216.0,209.77,295.85,0.709,0.7301,86.53,0.291,1,33,0.0762,0.0805,0,0.0,0.97,0.057,0.047,0.138,141,dwa
False,collision,460,229.5,227.87,295.85,0.7702,0.7757,68.323,0.398,1,20,0.0435,0.0465,0,0.0,0.991,0.051,0.018,0.048,142,dwa
False,collision,488,243.5,232.427,295.85,0.7856,0.8231,65.463,0.368,1,49,0.1004,0.1006,0,0.0,0.953,0.082,0.085,0.278,143,dwa
False,collision,419,209.0,208.11,295.85,0.7034,0.7064,87.905,0.295,1,7,0.0167,0.0189,0,0.0,0.994,0.047,0.009,0.017,144,dwa
False,collision,160,79.5,76.91,295.85,0.26,0.2687,219.321,0.215,1,17,0.1062,0.1062,0,0.0,0.963,0.069,0.07,0.202,145,dwa
False,collision,434,216.5,212.07,295.85,0.7168,0.7318,84.221,0.196,1,30,0.0691,0.0733,0,0.0,0.978,0.055,0.038,0.104,146,dwa
False,collision,420,209.5,205.84,295.85,0.6958,0.7081,90.496,0.366,1,18,0.0429,0.0429,0,0.0,0.981,0.054,0.029,0.079,147,dwa
False,collision,454,226.5,222.07,295.85,0.7506,0.7656,74.486,0.2,1,36,0.0793,0.0816,0,0.0,0.979,0.055,0.032,0.095,148,dwa
False,collision,422,210.5,205.96,295.85,0.6962,0.7115,90.122,0.27,1,17,0.0403,0.043,0,0.0,0.977,0.051,0.03,0.083,149,dwa
False,collision,510,254.5,244.96,295.85,0.828,0.8602,52.556,0.292,1,43,0.0843,0.0855,0,0.0,0.961,0.082,0.082,0.266,150,dwa
False,max_time,841,420.0,149.69,295.85,0.506,1.4196,146.508,0.691,0,536,0.6373,0.6521,0,0.0,0.356,0.062,0.004,0.009,151,dwa
False,collision,495,247.0,242.7,295.85,0.8203,0.8349,54.053,0.187,1,31,0.0626,0.0678,0,0.0,0.981,0.062,0.023,0.05,152,dwa
False,collision,420,209.5,207.39,295.85,0.701,0.7081,88.82,0.262,1,11,0.0262,0.0285,0,0.0,0.988,0.05,0.019,0.057,153,dwa
False,collision,432,215.5,212.86,295.85,0.7195,0.7284,83.522,0.284,1,22,0.0509,0.052,0,0.0,0.986,0.052,0.023,0.059,154,dwa
False,collision,449,224.0,216.78,295.85,0.7327,0.7571,79.836,0.354,1,18,0.0401,0.05,0,0.0,0.966,0.057,0.023,0.05,155,dwa
False,collision,441,220.0,215.42,295.85,0.7281,0.7436,81.05,0.21,1,17,0.0385,0.0428,0,0.0,0.978,0.077,0.035,0.108,156,dwa
False,collision,483,241.0,233.94,295.85,0.7907,0.8146,62.634,0.276,1,36,0.0745,0.0763,0,0.0,0.969,0.072,0.05,0.15,157,dwa
False,collision,437,218.0,213.63,295.85,0.7221,0.7369,82.871,0.332,1,29,0.0664,0.0763,0,0.0,0.978,0.06,0.042,0.124,158,dwa
False,collision,538,268.5,262.23,295.85,0.8864,0.9076,35.043,0.233,1,25,0.0465,0.0473,0,0.0,0.975,0.07,0.036,0.095,159,dwa
False,collision,420,209.5,207.5,295.85,0.7014,0.7081,88.49,0.13,1,5,0.0119,0.013,0,0.0,0.989,0.05,0.014,0.034,160,dwa
False,collision,422,210.5,206.89,295.85,0.6993,0.7115,89.301,0.229,1,20,0.0474,0.0481,0,0.0,0.981,0.057,0.026,0.062,161,dwa
False,collision,419,209.0,205.56,295.85,0.6948,0.7064,90.734,0.249,1,24,0.0573,0.063,0,0.0,0.982,0.052,0.025,0.065,162,dwa
False,collision,436,217.5,214.19,295.85,0.724,0.7352,81.831,0.206,1,13,0.0298,0.0311,0,0.0,0.983,0.05,0.016,0.042,163,dwa
False,collision,415,207.0,204.15,295.85,0.69,0.6997,91.904,0.314,1,23,0.0554,0.0576,0,0.0,0.985,0.05,0.026,0.076,164,dwa
False,collision,422,210.5,207.54,295.85,0.7015,0.7115,88.645,0.311,1,25,0.0592,0.0627,0,0.0,0.984,0.055,0.037,0.122,165,dwa
False,collision,420,209.5,204.89,295.85,0.6925,0.7081,91.267,0.277,1,8,0.019,0.0196,0,0.0,0.976,0.069,0.062,0.217,166,dwa
False,collision,426,212.5,211.23,295.85,0.714,0.7183,84.823,0.369,1,8,0.0188,0.0206,0,0.0,0.992,0.049,0.01,0.017,167,dwa
False,collision,461,230.0,220.91,295.85,0.7467,0.7774,75.464,0.074,1,40,0.0868,0.0988,0,0.0,0.959,0.068,0.091,0.293,168,dwa
False,collision,423,211.0,205.88,295.85,0.6959,0.7132,90.462,0.3,1,15,0.0355,0.0402,0,0.0,0.974,0.062,0.04,0.127,169,dwa
False,collision,65,32.0,29.87,295.85,0.101,0.1082,266.015,0.211,1,3,0.0462,0.0462,0,0.0,0.924,0.049,0.175,0.602,170,dwa
False,collision,437,218.0,214.07,295.85,0.7236,0.7369,82.043,0.253,1,41,0.0938,0.1051,0,0.0,0.98,0.053,0.037,0.114,171,dwa
False,collision,419,209.0,206.95,295.85,0.6995,0.7064,89.38,0.187,1,15,0.0358,0.0369,0,0.0,0.989,0.051,0.018,0.047,172,dwa
False,collision,472,235.5,230.9,295.85,0.7805,0.796,65.578,0.327,1,19,0.0403,0.0435,0,0.0,0.979,0.058,0.036,0.106,173,dwa
False,collision,490,244.5,233.39,295.85,0.7889,0.8264,63.645,0.242,1,43,0.0878,0.0927,0,0.0,0.953,0.083,0.058,0.152,174,dwa
False,collision,446,222.5,214.63,295.85,0.7255,0.7521,81.846,0.119,1,30,0.0673,0.0673,0,0.0,0.963,0.06,0.04,0.105,175,dwa
False,collision,483,241.0,237.87,295.85,0.804,0.8146,58.583,0.299,1,29,0.06,0.0611,0,0.0,0.986,0.052,0.031,0.098,176,dwa
False,collision,446,222.5,219.098,295.85,0.7406,0.7521,78.086,0.324,1,16,0.0359,0.039,0,0.0,0.983,0.065,0.034,0.093,177,dwa
False,collision,450,224.5,218.67,295.85,0.7391,0.7588,78.34,0.264,1,23,0.0511,0.0552,0,0.0,0.973,0.067,0.037,0.106,178,dwa
False,collision,428,213.5,207.25,295.85,0.7005,0.7216,89.204,0.042,1,28,0.0654,0.0673,0,0.0,0.969,0.061,0.044,0.122,179,dwa
False,collision,446,222.5,215.349,295.85,0.7279,0.7521,81.363,0.358,1,33,0.074,0.0766,0,0.0,0.966,0.07,0.051,0.15,180,dwa
False,collision,438,218.5,212.86,295.85,0.7195,0.7385,83.337,0.166,1,41,0.0936,0.101,0,0.0,0.973,0.054,0.041,0.141,181,dwa
False,collision,457,228.0,221.688,295.85,0.7493,0.7707,75.112,0.26,1,15,0.0328,0.0346,0,0.0,0.971,0.073,0.051,0.16,182,dwa
False,collision,170,84.5,79.38,295.85,0.2683,0.2856,216.672,0.301,1,3,0.0176,0.0176,0,0.0,0.936,0.092,0.145,0.5,183,dwa
False,collision,419,209.0,207.21,295.85,0.7004,0.7064,88.801,0.071,1,9,0.0215,0.0246,0,0.0,0.99,0.05,0.008,0.014,184,dwa
False,collision,431,215.0,206.44,295.85,0.6978,0.7267,89.935,0.225,1,21,0.0487,0.0495,0,0.0,0.959,0.071,0.099,0.339,185,dwa
False,collision,481,240.0,226.149,295.85,0.7644,0.8112,74.03,0.358,1,27,0.0561,0.0573,0,0.0,0.941,0.104,0.051,0.133,186,dwa
False,collision,436,217.5,214.7,295.85,0.7257,0.7352,81.512,0.178,1,21,0.0482,0.0482,0,0.0,0.986,0.054,0.026,0.069,187,dwa
False,collision,458,228.5,223.22,295.85,0.7545,0.7724,73.276,0.276,1,31,0.0677,0.0726,0,0.0,0.975,0.06,0.033,0.09,188,dwa
False,collision,432,215.5,213.61,295.85,0.722,0.7284,82.453,0.372,1,20,0.0463,0.0505,0,0.0,0.99,0.05,0.012,0.024,189,dwa
False,collision,463,231.0,225.96,295.85,0.7638,0.7808,70.395,0.06,1,32,0.0691,0.0722,0,0.0,0.977,0.056,0.045,0.126,190,dwa
False,collision,459,229.0,221.147,295.85,0.7475,0.774,76.426,0.268,1,26,0.0566,0.0612,0,0.0,0.964,0.077,0.048,0.121,191,dwa
False,collision,422,210.5,207.78,295.85,0.7023,0.7115,88.392,0.16,1,12,0.0284,0.031,0,0.0,0.985,0.05,0.02,0.044,192,dwa
False,collision,431,215.0,212.25,295.85,0.7174,0.7267,83.996,0.25,1,12,0.0278,0.0284,0,0.0,0.986,0.05,0.016,0.038,193,dwa
False,collision,433,216.0,211.47,295.85,0.7148,0.7301,84.972,0.269,1,31,0.0716,0.0726,0,0.0,0.977,0.062,0.036,0.106,194,dwa
False,collision,511,255.0,244.838,295.85,0.8276,0.8619,53.954,0.333,1,34,0.0665,0.0675,0,0.0,0.959,0.087,0.057,0.147,195,dwa
False,collision,410,204.5,203.04,295.85,0.6863,0.6912,92.981,0.247,1,14,0.0341,0.0383,0,0.0,0.991,0.049,0.009,0.008,196,dwa
False,collision,428,213.5,208.2,295.85,0.7037,0.7216,87.87,0.149,1,17,0.0397,0.0408,0,0.0,0.974,0.05,0.061,0.208,197,dwa
False,collision,462,230.5,224.538,295.85,0.759,0.7791,72.366,0.044,1,32,0.0693,0.0847,0,0.0,0.973,0.068,0.037,0.103,198,dwa
False,collision,433,216.0,213.47,295.85,0.7215,0.7301,82.934,0.323,1,23,0.0531,0.0534,0,0.0,0.987,0.051,0.031,0.098,199,dwa
True,goal_reached,638,318.5,297.928,295.85,1.007,1.0766,0.225,0.424,0,66,0.1034,0.1078,0,0.0,0.934,0.08,0.063,0.188,200,dwa
False,collision,443,221.0,212.33,295.85,0.7177,0.747,84.245,0.287,1,36,0.0813,0.0833,0,0.0,0.959,0.069,0.093,0.312,201,dwa
False,collision,540,269.5,263.74,295.85,0.8915,0.9109,32.977,0.19,1,63,0.1167,0.1223,0,0.0,0.977,0.059,0.033,0.108,202,dwa
False,collision,430,214.5,209.23,295.85,0.7072,0.725,87.505,0.261,1,30,0.0698,0.0698,0,0.0,0.974,0.065,0.041,0.126,203,dwa
False,collision,434,216.5,208.8,295.85,0.7058,0.7318,87.546,0.309,1,33,0.076,0.076,0,0.0,0.963,0.055,0.073,0.246,204,dwa
False,collision,415,207.0,203.37,295.85,0.6874,0.6997,92.864,0.286,1,23,0.0554,0.0554,0,0.0,0.981,0.055,0.028,0.067,205,dwa
False,collision,492,245.5,235.638,295.85,0.7965,0.8298,61.381,0.222,1,56,0.1138,0.1184,0,0.0,0.958,0.071,0.042,0.109,206,dwa
False,collision,437,218.0,209.7,295.85,0.7088,0.7369,86.554,0.398,1,41,0.0938,0.0945,0,0.0,0.96,0.055,0.049,0.162,207,dwa
False,collision,421,210.0,208.97,295.85,0.7063,0.7098,87.015,0.33,1,4,0.0095,0.012,0,0.0,0.993,0.048,0.01,0.019,208,dwa
False,collision,428,213.5,205.22,295.85,0.6937,0.7216,91.213,0.312,1,40,0.0935,0.0937,0,0.0,0.96,0.066,0.103,0.371,209,dwa
False,collision,478,238.5,234.41,295.85,0.7923,0.8062,61.948,0.19,1,15,0.0314,0.0329,0,0.0,0.981,0.058,0.028,0.063,210,dwa
False,collision,415,207.0,204.44,295.85,0.691,0.6997,91.639,0.155,1,28,0.0675,0.0737,0,0.0,0.986,0.052,0.024,0.067,211,dwa
False,collision,418,208.5,204.01,295.85,0.6896,0.7047,92.072,0.119,1,23,0.055,0.0594,0,0.0,0.977,0.051,0.029,0.087,212,dwa
False,collision,432,215.5,210.11,295.85,0.7102,0.7284,85.986,0.315,1,33,0.0764,0.0882,0,0.0,0.973,0.052,0.045,0.146,213,dwa
False,collision,508,253.5,247.93,295.85,0.838,0.8569,48.509,0.274,1,56,0.1102,0.1131,0,0.0,0.977,0.054,0.044,0.133,214,dwa
False,collision,423,211.0,203.39,295.85,0.6875,0.7132,92.799,0.142,1,15,0.0355,0.0383,0,0.0,0.962,0.066,0.082,0.277,215,dwa
False,collision,437,218.0,215.53,295.85,0.7285,0.7369,80.685,0.235,1,25,0.0572,0.0601,0,0.0,0.987,0.051,0.024,0.066,216,dwa
False,collision,445,222.0,209.94,295.85,0.7096,0.7504,86.241,0.163,1,10,0.0225,0.0225,0,0.0,0.944,0.054,0.106,0.365,217,dwa
False,collision,440,219.5,212.34,295.85,0.7177,0.7419,84.308,0.28,1,27,0.0614,0.0641,0,0.0,0.966,0.075,0.063,0.206,218,dwa
False,collision,516,257.5,248.33,295.85,0.8394,0.8704,48.294,0.237,1,23,0.0446,0.0454,0,0.0,0.963,0.063,0.067,0.221,219,dwa
False,collision,439,219.0,207.93,295.85,0.7028,0.7402,88.55,0.265,1,23,0.0524,0.0541,0,0.0,0.948,0.062,0.114,0.383,220,dwa
False,collision,440,219.5,214.597,295.85,0.7254,0.7419,82.358,0.169,1,15,0.0341,0.0371,0,0.0,0.976,0.067,0.031,0.081,221,dwa
False,max_time,841,420.0,157.96,295.85,0.5339,1.4196,138.335,0.428,0,520,0.6183,0.6205,0,0.0,0.376,0.066,0.015,0.034,222,dwa
False,collision,416,207.5,205.25,295.85,0.6938,0.7014,90.956,0.343,1,17,0.0409,0.0421,0,0.0,0.987,0.051,0.023,0.063,223,dwa
False,collision,427,213.0,209.13,295.85,0.7069,0.72,87.264,0.396,1,16,0.0375,0.04,0,0.0,0.98,0.052,0.023,0.061,224,dwa
False,collision,533,266.0,255.805,295.85,0.8646,0.8991,41.673,0.238,1,49,0.0919,0.0935,0,0.0,0.96,0.073,0.063,0.2,225,dwa
False,collision,420,209.5,204.32,295.85,0.6906,0.7081,92.252,0.033,1,16,0.0381,0.0388,0,0.0,0.974,0.067,0.04,0.101,226,dwa
False,collision,471,235.0,233.56,295.85,0.7895,0.7943,62.6,0.338,1,26,0.0552,0.0668,0,0.0,0.992,0.049,0.019,0.063,227,dwa
False,collision,430,214.5,209.83,295.85,0.7092,0.725,86.418,0.279,1,29,0.0674,0.0749,0,0.0,0.977,0.057,0.051,0.156,228,dwa
False,collision,436,217.5,215.92,295.85,0.7298,0.7352,80.142,0.301,1,17,0.039,0.0417,0,0.0,0.991,0.049,0.02,0.055,229,dwa
False,collision,456,227.5,225.37,295.85,0.7618,0.769,70.8,0.03,1,22,0.0482,0.0526,0,0.0,0.989,0.052,0.019,0.05,230,dwa
False,collision,425,212.0,208.84,295.85,0.7059,0.7166,87.309,0.144,1,38,0.0894,0.0952,0,0.0,0.983,0.053,0.022,0.055,231,dwa
False,collision,429,214.0,207.21,295.85,0.7004,0.7233,89.264,0.26,1,38,0.0886,0.0964,0,0.0,0.967,0.061,0.045,0.156,232,dwa
False,collision,508,253.5,247.59,295.85,0.8369,0.8569,49.288,0.314,1,41,0.0807,0.0817,0,0.0,0.975,0.063,0.037,0.108,233,dwa
False,collision,415,207.0,204.94,295.85,0.6927,0.6997,91.157,0.252,1,12,0.0289,0.0289,0,0.0,0.988,0.048,0.017,0.039,234,dwa
False,collision,525,262.0,249.721,295.85,0.8441,0.8856,49.5,0.338,1,44,0.0838,0.1028,0,0.0,0.952,0.096,0.055,0.144,235,dwa
False,collision,426,212.5,209.53,295.85,0.7082,0.7183,86.549,0.332,1,21,0.0493,0.0525,0,0.0,0.984,0.049,0.033,0.098,236,dwa
False,collision,420,209.5,204.11,295.85,0.6899,0.7081,92.372,0.166,1,33,0.0786,0.0795,0,0.0,0.973,0.057,0.035,0.1,237,dwa
False,collision,477,238.0,231.81,295.85,0.7835,0.8045,64.832,0.317,1,29,0.0608,0.0692,0,0.0,0.973,0.061,0.036,0.1,238,dwa
False,collision,420,209.5,207.11,295.85,0.7001,0.7081,89.072,0.141,1,14,0.0333,0.0333,0,0.0,0.987,0.05,0.03,0.098,239,dwa
False,collision,482,240.5,212.987,295.85,0.7199,0.8129,84.086,0.16,1,83,0.1722,0.1736,0,0.0,0.884,0.089,0.079,0.245,240,dwa
False,collision,423,211.0,207.86,295.85,0.7026,0.7132,88.216,0.053,1,13,0.0307,0.0314,0,0.0,0.983,0.051,0.008,0.01,241,dwa
False,collision,533,266.0,260.23,295.85,0.8796,0.8991,36.547,0.228,1,33,0.0619,0.0645,0,0.0,0.977,0.061,0.04,0.106,242,dwa
False,collision,511,255.0,249.849,295.85,0.8445,0.8619,46.776,0.107,1,32,0.0626,0.0643,0,0.0,0.978,0.061,0.037,0.102,243,dwa
False,collision,424,211.5,208.58,295.85,0.705,0.7149,87.641,0.232,1,11,0.0259,0.0259,0,0.0,0.985,0.067,0.028,0.083,244,dwa
False,collision,442,220.5,217.148,295.85,0.734,0.7453,80.319,0.283,1,27,0.0611,0.0622,0,0.0,0.983,0.065,0.031,0.088,245,dwa
False,collision,427,213.0,209.75,295.85,0.709,0.72,86.271,0.188,1,16,0.0375,0.0386,0,0.0,0.983,0.051,0.029,0.082,246,dwa
False,collision,503,251.0,246.64,295.85,0.8337,0.8484,50.427,0.374,1,30,0.0596,0.06,0,0.0,0.981,0.064,0.031,0.075,247,dwa
False,collision,427,213.0,209.89,295.85,0.7094,0.72,86.115,0.214,1,25,0.0585,0.0619,0,0.0,0.984,0.05,0.02,0.052,248,dwa
False,collision,457,228.0,226.77,295.85,0.7665,0.7707,69.315,0.352,1,21,0.046,0.0504,0,0.0,0.993,0.049,0.015,0.038,249,dwa
False,collision,425,212.0,207.92,295.85,0.7028,0.7166,88.296,0.153,1,28,0.0659,0.0727,0,0.0,0.979,0.055,0.042,0.13,250,dwa
False,collision,539,269.0,264.38,295.85,0.8936,0.9092,32.453,0.317,1,23,0.0427,0.0452,0,0.0,0.982,0.062,0.034,0.091,251,dwa
False,collision,439,219.0,214.79,295.85,0.726,0.7402,81.736,0.34,1,25,0.0569,0.0592,0,0.0,0.979,0.061,0.035,0.099,252,dwa
False,collision,493,246.0,237.97,295.85,0.8044,0.8315,58.889,0.186,1,49,0.0994,0.1082,0,0.0,0.966,0.067,0.048,0.135,253,dwa
False,collision,81,40.0,36.42,295.85,0.1231,0.1352,259.494,0.241,1,4,0.0494,0.0494,0,0.0,0.903,0.072,0.229,0.784,254,dwa
False,collision,457,228.0,221.26,295.85,0.7479,0.7707,75.048,0.255,1,27,0.0591,0.0616,0,0.0,0.969,0.057,0.037,0.1,255,dwa
False,collision,437,218.0,213.47,295.85,0.7215,0.7369,82.841,0.223,1,22,0.0503,0.0506,0,0.0,0.978,0.055,0.028,0.083,256,dwa
False,collision,419,209.0,207.33,295.85,0.7008,0.7064,88.873,0.276,1,14,0.0334,0.0336,0,0.0,0.99,0.05,0.02,0.052,257,dwa
False,collision,511,255.0,251.05,295.85,0.8486,0.8619,45.656,0.327,1,32,0.0626,0.0658,0,0.0,0.983,0.057,0.032,0.097,258,dwa
False,collision,425,212.0,210.95,295.85,0.713,0.7166,85.083,0.386,1,8,0.0188,0.0197,0,0.0,0.993,0.048,0.012,0.03,259,dwa
False,collision,412,205.5,204.89,295.85,0.6925,0.6946,91.215,0.314,1,8,0.0194,0.0208,0,0.0,0.995,0.05,0.007,0.01,260,dwa
False,collision,463,231.0,225.37,295.85,0.7618,0.7808,71.192,0.128,1,46,0.0994,0.1018,0,0.0,0.974,0.062,0.047,0.15,261,dwa
False,collision,460,229.5,221.02,295.85,0.7471,0.7757,75.935,0.084,1,46,0.1,0.1013,0,0.0,0.962,0.082,0.057,0.192,262,dwa
False,collision,416,207.5,206.3,295.85,0.6973,0.7014,89.89,0.296,1,15,0.0361,0.0376,0,0.0,0.993,0.049,0.014,0.033,263,dwa
False,collision,424,211.5,207.02,295.85,0.6997,0.7149,89.476,0.12,1,29,0.0684,0.0686,0,0.0,0.977,0.057,0.036,0.101,264,dwa
False,collision,529,264.0,258.17,295.85,0.8726,0.8923,38.27,0.346,1,31,0.0586,0.06,0,0.0,0.977,0.06,0.037,0.094,265,dwa
False,collision,457,228.0,219.27,295.85,0.7412,0.7707,78.763,0.188,1,26,0.0569,0.069,0,0.0,0.96,0.085,0.041,0.095,266,dwa
False,collision,427,213.0,205.69,295.85,0.6953,0.72,90.775,0.129,1,27,0.0632,0.0694,0,0.0,0.964,0.062,0.052,0.156,267,dwa
False,collision,412,205.5,203.82,295.85,0.6889,0.6946,92.262,0.36,1,10,0.0243,0.0254,0,0.0,0.99,0.049,0.016,0.034,268,dwa
False,collision,483,241.0,236.16,295.85,0.7982,0.8146,60.824,0.199,1,35,0.0725,0.0781,0,0.0,0.979,0.065,0.041,0.133,269,dwa
False,collision,423,211.0,206.92,295.85,0.6994,0.7132,89.482,0.051,1,20,0.0473,0.0474,0,0.0,0.979,0.053,0.021,0.058,270,dwa
False,collision,456,227.5,218.77,295.85,0.7395,0.769,78.51,0.286,1,32,0.0702,0.0786,0,0.0,0.96,0.076,0.06,0.176,271,dwa
False,collision,437,218.0,214.26,295.85,0.7242,0.7369,82.122,0.252,1,13,0.0297,0.0297,0,0.0,0.981,0.057,0.03,0.066,272,dwa
False,collision,423,211.0,208.58,295.85,0.705,0.7132,87.493,0.301,1,11,0.026,0.0266,0,0.0,0.987,0.05,0.02,0.045,273,dwa
False,collision,454,226.5,219.76,295.85,0.7428,0.7656,76.378,0.098,1,33,0.0727,0.0766,0,0.0,0.969,0.054,0.074,0.263,274,dwa
False,collision,437,218.0,213.3,295.85,0.721,0.7369,83.237,0.292,1,31,0.0709,0.0752,0,0.0,0.977,0.069,0.044,0.142,275,dwa
False,collision,432,215.5,210.2,295.85,0.7105,0.7284,85.933,0.17,1,36,0.0833,0.0833,0,0.0,0.974,0.054,0.048,0.163,276,dwa
False,collision,425,212.0,207.9,295.85,0.7027,0.7166,88.564,0.113,1,28,0.0659,0.0776,0,0.0,0.979,0.06,0.038,0.103,277,dwa
False,collision,501,250.0,248.25,295.85,0.8391,0.845,47.909,0.343,1,14,0.0279,0.0295,0,0.0,0.992,0.051,0.02,0.067,278,dwa
False,collision,436,217.5,210.75,295.85,0.7124,0.7352,85.574,0.17,1,27,0.0619,0.0712,0,0.0,0.967,0.06,0.059,0.184,279,dwa
False,collision,437,218.0,214.68,295.85,0.7256,0.7369,81.733,0.363,1,17,0.0389,0.0394,0,0.0,0.983,0.055,0.027,0.061,280,dwa
False,collision,448,223.5,222.46,295.85,0.7519,0.7555,73.66,0.324,1,14,0.0312,0.0349,0,0.0,0.994,0.048,0.012,0.03,281,dwa
False,collision,443,221.0,218.51,295.85,0.7386,0.747,77.826,0.378,1,41,0.0926,0.0976,0,0.0,0.987,0.054,0.026,0.078,282,dwa
False,collision,56,27.5,25.03,295.85,0.0846,0.093,270.884,0.333,1,3,0.0536,0.0536,0,0.0,0.899,0.072,0.249,0.868,283,dwa
False,collision,435,217.0,214.85,295.85,0.7262,0.7335,81.424,0.251,1,42,0.0966,0.1111,0,0.0,0.989,0.054,0.017,0.034,284,dwa
False,collision,470,234.5,231.61,295.85,0.7829,0.7926,64.754,0.237,1,21,0.0447,0.0538,0,0.0,0.986,0.053,0.026,0.078,285,dwa
False,collision,437,218.0,216.61,295.85,0.7322,0.7369,79.447,0.379,1,18,0.0412,0.0447,0,0.0,0.992,0.049,0.011,0.022,286,dwa
False,collision,427,213.0,205.52,295.85,0.6947,0.72,90.509,0.316,1,22,0.0515,0.0576,0,0.0,0.963,0.053,0.08,0.271,287,dwa
False,collision,441,220.0,217.57,295.85,0.7354,0.7436,78.562,0.285,1,19,0.0431,0.0439,0,0.0,0.987,0.05,0.027,0.082,288,dwa
False,collision,450,224.5,219.05,295.85,0.7404,0.7588,77.252,0.267,1,21,0.0467,0.0477,0,0.0,0.974,0.052,0.041,0.134,289,dwa
False,collision,450,224.5,218.7,295.85,0.7392,0.7588,77.845,0.224,1,23,0.0511,0.0537,0,0.0,0.973,0.059,0.033,0.086,290,dwa
False,max_time,841,420.0,188.63,295.85,0.6376,1.4196,107.644,0.457,0,460,0.547,0.5529,0,0.0,0.449,0.06,0.011,0.025,291,dwa
False,collision,437,218.0,216.24,295.85,0.7309,0.7369,79.818,0.154,1,13,0.0297,0.0343,0,0.0,0.99,0.049,0.013,0.023,292,dwa
False,collision,502,250.5,246.31,295.85,0.8326,0.8467,49.959,0.209,1,21,0.0418,0.0446,0,0.0,0.982,0.053,0.022,0.06,293,dwa
False,collision,429,214.0,210.17,295.85,0.7104,0.7233,86.01,0.231,1,18,0.042,0.042,0,0.0,0.981,0.057,0.034,0.099,294,dwa
False,collision,430,214.5,206.0,295.85,0.6963,0.725,90.92,0.093,1,25,0.0581,0.0594,0,0.0,0.959,0.067,0.073,0.224,295,dwa
False,collision,468,233.5,228.067,295.85,0.7709,0.7893,69.45,0.192,1,24,0.0513,0.0527,0,0.0,0.975,0.073,0.031,0.085,296,dwa
False,collision,432,215.5,209.49,295.85,0.7081,0.7284,86.718,0.018,1,27,0.0625,0.0696,0,0.0,0.971,0.059,0.035,0.102,297,dwa
False,collision,466,232.5,227.72,295.85,0.7697,0.7859,68.983,0.289,1,25,0.0536,0.0584,0,0.0,0.978,0.062,0.034,0.09,298,dwa
False,collision,424,211.5,207.67,295.85,0.7019,0.7149,88.648,0.091,1,21,0.0495,0.0508,0,0.0,0.98,0.059,0.026,0.065,299,dwa
False,collision,470,234.5,227.75,295.85,0.7698,0.7926,68.377,0.065,1,13,0.0277,0.0302,0,0.0,0.97,0.053,0.045,0.143,300,dwa
False,collision,511,255.0,248.158,295.85,0.8388,0.8619,49.31,0.311,1,29,0.0568,0.0587,0,0.0,0.972,0.072,0.04,0.104,301,dwa
False,collision,430,214.5,208.67,295.85,0.7053,0.725,87.551,0.185,1,24,0.0558,0.0558,0,0.0,0.971,0.056,0.028,0.078,302,dwa
False,collision,429,214.0,211.98,295.85,0.7165,0.7233,84.363,0.107,1,16,0.0373,0.0376,0,0.0,0.989,0.05,0.018,0.048,303,dwa
False,collision,433,216.0,212.44,295.85,0.7181,0.7301,83.835,0.058,1,20,0.0462,0.0476,0,0.0,0.982,0.054,0.028,0.081,304,dwa
False,collision,463,231.0,219.41,295.85,0.7416,0.7808,77.342,0.246,1,29,0.0626,0.0629,0,0.0,0.948,0.078,0.109,0.389,305,dwa
False,collision,447,223.0,216.44,295.85,0.7316,0.7538,81.107,0.173,1,22,0.0492,0.0567,0,0.0,0.969,0.071,0.044,0.111,306,dwa
False,collision,432,215.5,212.6,295.85,0.7186,0.7284,83.602,0.229,1,24,0.0556,0.0562,0,0.0,0.985,0.051,0.021,0.061,307,dwa
False,collision,432,215.5,212.33,295.85,0.7177,0.7284,83.75,0.272,1,12,0.0278,0.0333,0,0.0,0.984,0.052,0.009,0.013,308,dwa
False,collision,418,208.5,204.92,295.85,0.6926,0.7047,91.258,0.217,1,19,0.0455,0.0483,0,0.0,0.981,0.054,0.024,0.066,309,dwa
False,collision,87,43.0,39.9,295.85,0.1349,0.1453,256.076,0.309,1,4,0.046,0.046,0,0.0,0.921,0.068,0.196,0.668,310,dwa
False,max_time,841,420.0,153.72,295.85,0.5196,1.4196,142.456,0.478,0,535,0.6361,0.6361,0,0.0,0.366,0.062,0.018,0.058,311,dwa
False,collision,455,227.0,222.26,295.85,0.7513,0.7673,73.99,0.294,1,38,0.0835,0.0848,0,0.0,0.978,0.056,0.053,0.172,312,dwa
False,collision,420,209.5,208.87,295.85,0.706,0.7081,87.204,0.258,1,11,0.0262,0.0293,0,0.0,0.995,0.048,0.008,0.016,313,dwa
False,collision,413,206.0,204.02,295.85,0.6896,0.6963,92.004,0.338,1,19,0.046,0.0564,0,0.0,0.989,0.048,0.022,0.071,314,dwa
False,collision,432,215.5,210.72,295.85,0.7123,0.7284,85.551,0.264,1,17,0.0394,0.0416,0,0.0,0.976,0.055,0.022,0.054,315,dwa
False,collision,168,83.5,79.42,295.85,0.2684,0.2822,216.639,0.343,1,11,0.0655,0.0655,0,0.0,0.947,0.098,0.127,0.45,316,dwa
False,collision,435,217.0,212.63,295.85,0.7187,0.7335,83.699,0.343,1,45,0.1034,0.1079,0,0.0,0.978,0.053,0.047,0.157,317,dwa
False,collision,418,208.5,206.04,295.85,0.6964,0.7047,90.096,0.315,1,10,0.0239,0.0253,0,0.0,0.987,0.05,0.022,0.059,318,dwa
False,collision,434,216.5,212.56,295.85,0.7185,0.7318,83.708,0.143,1,28,0.0645,0.0645,0,0.0,0.98,0.057,0.034,0.106,319,dwa
False,collision,454,226.5,220.06,295.85,0.7438,0.7656,76.269,0.064,1,21,0.0463,0.047,0,0.0,0.97,0.072,0.062,0.199,320,dwa
False,collision,423,211.0,205.93,295.85,0.6961,0.7132,90.527,0.23,1,19,0.0449,0.0456,0,0.0,0.974,0.056,0.035,0.095,321,dwa
False,collision,421,210.0,206.96,295.85,0.6995,0.7098,89.512,0.032,1,25,0.0594,0.0627,0,0.0,0.984,0.056,0.028,0.069,322,dwa
False,collision,459,229.0,220.73,295.85,0.7461,0.774,75.934,0.228,1,16,0.0349,0.0399,0,0.0,0.962,0.075,0.073,0.222,323,dwa
False,collision,522,260.5,255.21,295.85,0.8626,0.8805,41.814,0.313,1,44,0.0843,0.0887,0,0.0,0.978,0.065,0.035,0.102,324,dwa
False,collision,423,211.0,208.27,295.85,0.704,0.7132,87.764,0.051,1,23,0.0544,0.0553,0,0.0,0.985,0.05,0.026,0.077,325,dwa
False,collision,448,223.5,217.008,295.85,0.7335,0.7555,79.729,0.056,1,27,0.0603,0.066,0,0.0,0.969,0.065,0.037,0.106,326,dwa
False,collision,439,219.0,217.45,295.85,0.735,0.7402,78.677,0.33,1,22,0.0501,0.0591,0,0.0,0.991,0.049,0.018,0.048,327,dwa
False,collision,436,217.5,215.12,295.85,0.7271,0.7352,81.034,0.149,1,28,0.0642,0.0676,0,0.0,0.987,0.052,0.016,0.041,328,dwa
False,collision,436,217.5,213.77,295.85,0.7226,0.7352,82.508,0.356,1,24,0.055,0.0569,0,0.0,0.981,0.052,0.039,0.123,329,dwa
False,collision,419,209.0,207.42,295.85,0.7011,0.7064,88.845,0.124,1,12,0.0286,0.0286,0,0.0,0.991,0.068,0.018,0.045,330,dwa
False,collision,424,211.5,210.0,295.85,0.7098,0.7149,86.237,0.366,1,35,0.0825,0.0845,0,0.0,0.991,0.049,0.012,0.023,331,dwa
False,collision,430,214.5,211.33,295.85,0.7143,0.725,84.842,0.138,1,13,0.0302,0.0367,0,0.0,0.984,0.054,0.021,0.048,332,dwa
False,collision,428,213.5,209.3,295.85,0.7075,0.7216,86.874,0.15,1,15,0.035,0.0423,0,0.0,0.979,0.051,0.034,0.106,333,dwa
False,collision,420,209.5,206.44,295.85,0.6978,0.7081,89.722,0.072,1,32,0.0762,0.078,0,0.0,0.984,0.054,0.025,0.072,334,dwa
False,collision,420,209.5,204.67,295.85,0.6918,0.7081,91.996,0.044,1,23,0.0548,0.0572,0,0.0,0.975,0.063,0.037,0.097,335,dwa
False,collision,436,217.5,214.26,295.85,0.7242,0.7352,81.913,0.241,1,22,0.0505,0.0525,0,0.0,0.984,0.052,0.025,0.06,336,dwa
False,collision,432,215.5,213.26,295.85,0.7208,0.7284,82.785,0.141,1,13,0.0301,0.0365,0,0.0,0.988,0.052,0.022,0.06,337,dwa
False,collision,414,206.5,204.73,295.85,0.692,0.698,91.523,0.21,1,8,0.0193,0.0199,0,0.0,0.99,0.05,0.013,0.024,338,dwa
False,collision,411,205.0,203.76,295.85,0.6887,0.6929,92.302,0.221,1,13,0.0316,0.0333,0,0.0,0.992,0.049,0.012,0.021,339,dwa
False,collision,422,210.5,207.33,295.85,0.7008,0.7115,88.693,0.327,1,22,0.0521,0.0557,0,0.0,0.983,0.049,0.03,0.096,340,dwa
False,collision,508,253.5,244.82,295.85,0.8275,0.8569,52.803,0.333,1,33,0.065,0.0685,0,0.0,0.964,0.074,0.056,0.152,341,dwa
False,collision,450,224.5,222.54,295.85,0.7522,0.7588,73.519,0.134,1,11,0.0244,0.0292,0,0.0,0.99,0.054,0.011,0.02,342,dwa
False,collision,455,227.0,222.19,295.85,0.751,0.7673,74.25,0.163,1,16,0.0352,0.0403,0,0.0,0.977,0.061,0.028,0.072,343,dwa
False,collision,458,228.5,224.86,295.85,0.76,0.7724,71.504,0.044,1,21,0.0459,0.0473,0,0.0,0.983,0.053,0.028,0.079,344,dwa
False,collision,457,228.0,222.529,295.85,0.7522,0.7707,74.019,0.254,1,37,0.081,0.0879,0,0.0,0.975,0.059,0.051,0.16,345,dwa
False,collision,441,220.0,213.43,295.85,0.7214,0.7436,82.875,0.174,1,39,0.0884,0.1089,0,0.0,0.969,0.059,0.039,0.116,346,dwa
False,collision,479,239.0,233.937,295.85,0.7907,0.8078,63.074,0.249,1,29,0.0605,0.0622,0,0.0,0.977,0.067,0.031,0.084,347,dwa
False,collision,431,215.0,203.94,295.85,0.6893,0.7267,92.454,0.344,1,32,0.0742,0.0764,0,0.0,0.947,0.064,0.108,0.365,348,dwa
False,collision,493,246.0,238.717,295.85,0.8069,0.8315,59.828,0.222,1,26,0.0527,0.0559,0,0.0,0.969,0.081,0.037,0.104,349,dwa
False,collision,432,215.5,212.49,295.85,0.7182,0.7284,83.672,0.146,1,33,0.0764,0.0897,0,0.0,0.984,0.056,0.024,0.066,350,dwa
False,collision,441,220.0,207.73,295.85,0.7021,0.7436,88.853,0.33,1,25,0.0567,0.0613,0,0.0,0.943,0.073,0.107,0.375,351,dwa
False,collision,440,219.5,217.76,295.85,0.736,0.7419,78.455,0.367,1,12,0.0273,0.0275,0,0.0,0.991,0.051,0.018,0.05,352,dwa
False,max_time,841,420.0,169.49,295.85,0.5729,1.4196,126.522,0.466,0,503,0.5981,0.6024,0,0.0,0.403,0.06,0.014,0.041,353,dwa
False,collision,422,210.5,206.7,295.85,0.6987,0.7115,89.47,0.17,1,26,0.0616,0.0647,0,0.0,0.98,0.053,0.027,0.072,354,dwa
False,collision,462,230.5,224.76,295.85,0.7597,0.7791,71.869,0.285,1,33,0.0714,0.0725,0,0.0,0.974,0.059,0.045,0.139,355,dwa
False,collision,433,216.0,211.93,295.85,0.7163,0.7301,84.356,0.014,1,16,0.037,0.0377,0,0.0,0.98,0.058,0.023,0.062,356,dwa
False,collision,426,212.5,209.36,295.85,0.7077,0.7183,86.741,0.241,1,21,0.0493,0.0519,0,0.0,0.984,0.053,0.025,0.068,357,dwa
False,collision,425,212.0,205.62,295.85,0.695,0.7166,90.589,0.268,1,31,0.0729,0.0729,0,0.0,0.968,0.061,0.064,0.209,358,dwa
False,collision,418,208.5,206.73,295.85,0.6988,0.7047,89.278,0.134,1,7,0.0167,0.0208,0,0.0,0.99,0.049,0.013,0.03,359,dwa
False,collision,423,211.0,205.31,295.85,0.694,0.7132,91.087,0.307,1,40,0.0946,0.1013,0,0.0,0.971,0.056,0.053,0.173,360,dwa
False,collision,419,209.0,205.08,295.85,0.6932,0.7064,91.454,0.13,1,22,0.0525,0.0528,0,0.0,0.98,0.057,0.041,0.122,361,dwa
False,collision,456,227.5,224.59,295.85,0.7591,0.769,71.741,0.101,1,18,0.0395,0.0412,0,0.0,0.986,0.073,0.037,0.12,362,dwa
False,collision,439,219.0,211.92,295.85,0.7163,0.7402,84.308,0.25,1,5,0.0114,0.0117,0,0.0,0.966,0.07,0.07,0.233,363,dwa
False,collision,448,223.5,220.3,295.85,0.7446,0.7555,76.044,0.097,1,25,0.0558,0.0591,0,0.0,0.984,0.056,0.027,0.073,364,dwa
False,collision,452,225.5,215.18,295.85,0.7273,0.7622,81.304,0.133,1,19,0.042,0.043,0,0.0,0.953,0.072,0.096,0.33,365,dwa
False,collision,442,220.5,217.71,295.85,0.7359,0.7453,78.517,0.1,1,10,0.0226,0.0247,0,0.0,0.986,0.055,0.023,0.054,366,dwa
False,collision,437,218.0,214.23,295.85,0.7241,0.7369,81.994,0.071,1,19,0.0435,0.0492,0,0.0,0.981,0.054,0.026,0.067,367,dwa
False,collision,427,213.0,206.09,295.85,0.6966,0.72,90.433,0.222,1,28,0.0656,0.0656,0,0.0,0.966,0.06,0.03,0.087,368,dwa
False,collision,426,212.5,208.64,295.85,0.7052,0.7183,87.742,0.318,1,36,0.0845,0.0857,0,0.0,0.98,0.056,0.037,0.115,369,dwa
False,collision,428,213.5,206.94,295.85,0.6995,0.7216,89.44,0.097,1,28,0.0654,0.0681,0,0.0,0.968,0.061,0.035,0.091,370,dwa
True,goal_reached,611,305.0,296.17,295.85,1.0011,1.0309,0.243,0.403,0,37,0.0606,0.0628,0,0.0,0.97,0.054,0.027,0.077,371,dwa
False,collision,428,213.5,205.93,295.85,0.6961,0.7216,90.674,0.082,1,45,0.1051,0.1163,0,0.0,0.963,0.065,0.067,0.204,372,dwa
False,collision,426,212.5,208.42,295.85,0.7045,0.7183,87.732,0.225,1,16,0.0376,0.0473,0,0.0,0.979,0.053,0.035,0.114,373,dwa
False,collision,455,227.0,222.65,295.85,0.7526,0.7673,73.731,0.269,1,35,0.0769,0.0769,0,0.0,0.979,0.056,0.033,0.096,374,dwa
False,collision,448,223.5,217.35,295.85,0.7347,0.7555,79.165,0.207,1,17,0.0379,0.0379,0,0.0,0.971,0.064,0.036,0.08,375,dwa
False,collision,472,235.5,232.28,295.85,0.7851,0.796,63.899,0.173,1,28,0.0593,0.0697,0,0.0,0.985,0.054,0.024,0.07,376,dwa
False,collision,430,214.5,210.71,295.85,0.7122,0.725,85.433,0.355,1,18,0.0419,0.0432,0,0.0,0.981,0.053,0.027,0.076,377,dwa
False,collision,428,213.5,210.58,295.85,0.7118,0.7216,85.808,0.247,1,25,0.0584,0.0607,0,0.0,0.985,0.054,0.027,0.086,378,dwa
False,collision,427,213.0,210.96,295.85,0.7131,0.72,85.258,0.172,1,20,0.0468,0.0493,0,0.0,0.989,0.051,0.018,0.043,379,dwa
False,collision,569,284.0,267.902,295.85,0.9055,0.9599,32.983,0.161,1,45,0.0791,0.0857,0,0.0,0.942,0.109,0.071,0.178,380,dwa
False,collision,475,237.0,226.568,295.85,0.7658,0.8011,71.134,0.088,1,44,0.0926,0.0959,0,0.0,0.955,0.075,0.055,0.163,381,dwa
False,collision,472,235.5,232.43,295.85,0.7856,0.796,63.783,0.223,1,29,0.0614,0.0625,0,0.0,0.986,0.053,0.026,0.07,382,dwa
False,collision,410,204.5,203.04,295.85,0.6863,0.6912,93.042,0.364,1,12,0.0293,0.0322,0,0.0,0.991,0.05,0.013,0.024,383,dwa
False,collision,133,66.0,65.08,295.85,0.22,0.2231,231.081,0.209,1,14,0.1053,0.1053,0,0.0,0.981,0.062,0.035,0.072,384,dwa
False,collision,443,221.0,213.65,295.85,0.7222,0.747,82.904,0.227,1,42,0.0948,0.0963,0,0.0,0.965,0.072,0.073,0.239,385,dwa
False,collision,467,233.0,226.198,295.85,0.7646,0.7876,72.131,0.204,1,27,0.0578,0.0634,0,0.0,0.969,0.08,0.04,0.109,386,dwa
False,collision,428,213.5,207.82,295.85,0.7025,0.7216,88.499,0.299,1,26,0.0607,0.0618,0,0.0,0.972,0.058,0.033,0.087,387,dwa
False,collision,428,213.5,210.43,295.85,0.7113,0.7216,85.655,0.23,1,24,0.0561,0.0628,0,0.0,0.984,0.052,0.03,0.09,388,dwa
False,collision,419,209.0,203.92,295.85,0.6893,0.7064,92.658,0.193,1,20,0.0477,0.0506,0,0.0,0.974,0.065,0.027,0.069,389,dwa
False,collision,413,206.0,203.73,295.85,0.6886,0.6963,92.249,0.23,1,6,0.0145,0.0163,0,0.0,0.987,0.05,0.018,0.054,390,dwa
False,collision,474,236.5,232.24,295.85,0.785,0.7994,64.249,0.095,1,31,0.0654,0.0684,0,0.0,0.981,0.058,0.029,0.078,391,dwa
False,collision,468,233.5,231.32,295.85,0.7819,0.7893,64.842,0.169,1,19,0.0406,0.0411,0,0.0,0.989,0.05,0.019,0.049,392,dwa
False,collision,473,236.0,228.46,295.85,0.7722,0.7977,68.621,0.395,1,36,0.0761,0.0771,0,0.0,0.967,0.07,0.048,0.142,393,dwa
False,collision,472,235.5,228.43,295.85,0.7721,0.796,68.038,0.302,1,31,0.0657,0.0672,0,0.0,0.969,0.06,0.047,0.139,394,dwa
False,collision,474,236.5,231.919,295.85,0.7839,0.7994,65.288,0.306,1,28,0.0591,0.0615,0,0.0,0.979,0.067,0.033,0.083,395,dwa
False,collision,421,210.0,205.17,295.85,0.6935,0.7098,91.157,0.124,1,27,0.0641,0.066,0,0.0,0.975,0.056,0.039,0.126,396,dwa
False,collision,434,216.5,211.38,295.85,0.7145,0.7318,85.133,0.34,1,36,0.0829,0.0853,0,0.0,0.975,0.059,0.045,0.139,397,dwa
False,collision,460,229.5,221.13,295.85,0.7474,0.7757,75.575,0.125,1,42,0.0913,0.0931,0,0.0,0.962,0.084,0.058,0.176,398,dwa
False,collision,451,225.0,218.74,295.85,0.7394,0.7605,77.475,0.158,1,25,0.0554,0.0591,0,0.0,0.971,0.054,0.071,0.246,399,dwa
False,collision,435,217.0,212.07,295.85,0.7168,0.7335,84.226,0.141,1,13,0.0299,0.0299,0,0.0,0.976,0.056,0.028,0.064,400,dwa
False,collision,418,208.5,205.45,295.85,0.6944,0.7047,90.647,0.212,1,15,0.0359,0.0365,0,0.0,0.984,0.052,0.026,0.078,401,dwa
False,collision,436,217.5,214.52,295.85,0.7251,0.7352,82.078,0.184,1,19,0.0436,0.0455,0,0.0,0.985,0.057,0.026,0.071,402,dwa
False,collision,171,85.0,82.78,295.85,0.2798,0.2873,213.32,0.24,1,24,0.1404,0.1404,0,0.0,0.97,0.057,0.073,0.236,403,dwa
False,collision,431,215.0,211.97,295.85,0.7165,0.7267,84.354,0.151,1,22,0.051,0.055,0,0.0,0.984,0.051,0.033,0.103,404,dwa
False,collision,417,208.0,206.85,295.85,0.6992,0.7031,89.267,0.355,1,11,0.0264,0.0274,0,0.0,0.993,0.049,0.016,0.044,405,dwa
False,collision,433,216.0,208.37,295.85,0.7043,0.7301,87.93,0.344,1,10,0.0231,0.0234,0,0.0,0.963,0.068,0.067,0.219,406,dwa
False,collision,435,217.0,213.14,295.85,0.7204,0.7335,83.043,0.134,1,20,0.046,0.0485,0,0.0,0.981,0.052,0.022,0.056,407,dwa
False,collision,465,232.0,218.77,295.85,0.7395,0.7842,77.818,0.178,1,41,0.0882,0.0905,0,0.0,0.942,0.07,0.117,0.373,408,dwa
False,collision,433,216.0,209.83,295.85,0.7092,0.7301,86.546,0.193,1,32,0.0739,0.0836,0,0.0,0.97,0.057,0.026,0.063,409,dwa
False,max_time,841,420.0,131.32,295.85,0.4439,1.4196,165.009,0.411,0,577,0.6861,0.6935,0,0.0,0.313,0.074,0.03,0.098,410,dwa
False,collision,479,239.0,225.75,295.85,0.7631,0.8078,71.55,0.057,1,29,0.0605,0.0625,0,0.0,0.943,0.08,0.118,0.387,411,dwa
False,collision,468,233.5,229.73,295.85,0.7765,0.7893,66.478,0.095,1,22,0.047,0.0488,0,0.0,0.982,0.054,0.025,0.059,412,dwa
False,collision,418,208.5,203.54,295.85,0.688,0.7047,92.828,0.17,1,58,0.1388,0.1388,0,0.0,0.975,0.058,0.045,0.138,413,dwa
False,collision,418,208.5,204.23,295.85,0.6903,0.7047,91.818,0.379,1,37,0.0885,0.0939,0,0.0,0.978,0.05,0.034,0.109,414,dwa
False,collision,101,50.0,46.36,295.85,0.1567,0.169,249.576,0.302,1,11,0.1089,0.1089,0,0.0,0.921,0.071,0.174,0.556,415,dwa
False,collision,448,223.5,220.83,295.85,0.7464,0.7555,75.407,0.332,1,22,0.0491,0.0547,0,0.0,0.987,0.052,0.023,0.065,416,dwa
False,collision,481,240.0,234.61,295.85,0.793,0.8112,62.147,0.336,1,27,0.0561,0.0618,0,0.0,0.976,0.065,0.035,0.088,417,dwa
False,collision,419,209.0,205.25,295.85,0.6938,0.7064,91.037,0.133,1,27,0.0644,0.0651,0,0.0,0.98,0.055,0.038,0.104,418,dwa
False,collision,464,231.5,221.59,295.85,0.749,0.7825,75.06,0.059,1,27,0.0582,0.06,0,0.0,0.956,0.072,0.087,0.29,419,dwa
False,collision,421,210.0,206.81,295.85,0.699,0.7098,89.303,0.315,1,22,0.0523,0.0523,0,0.0,0.983,0.054,0.027,0.074,420,dwa
False,collision,433,216.0,212.05,295.85,0.7167,0.7301,84.127,0.272,1,41,0.0947,0.1168,0,0.0,0.98,0.054,0.025,0.069,421,dwa
False,collision,414,206.5,203.3,295.85,0.6872,0.698,92.772,0.291,1,29,0.07,0.07,0,0.0,0.983,0.051,0.037,0.125,422,dwa
False,collision,470,234.5,231.17,295.85,0.7814,0.7926,65.265,0.131,1,31,0.066,0.0698,0,0.0,0.984,0.057,0.028,0.073,423,dwa
False,collision,432,215.5,212.12,295.85,0.717,0.7284,84.069,0.19,1,33,0.0764,0.0875,0,0.0,0.983,0.053,0.035,0.1,424,dwa
False,collision,465,232.0,228.76,295.85,0.7732,0.7842,67.344,0.33,1,8,0.0172,0.0198,0,0.0,0.985,0.053,0.018,0.027,425,dwa
False,collision,446,222.5,216.15,295.85,0.7306,0.7521,80.286,0.213,1,30,0.0673,0.0676,0,0.0,0.97,0.062,0.069,0.223,426,dwa
False,max_time,841,420.0,131.04,295.85,0.4429,1.4196,165.171,0.511,0,584,0.6944,0.7264,0,0.0,0.312,0.064,0.009,0.025,427,dwa
False,collision,420,209.5,208.19,295.85,0.7037,0.7081,87.871,0.367,1,19,0.0452,0.0548,0,0.0,0.992,0.047,0.017,0.053,428,dwa
False,collision,435,217.0,209.51,295.85,0.7082,0.7335,86.857,0.29,1,39,0.0897,0.0897,0,0.0,0.964,0.06,0.041,0.117,429,dwa
False,collision,447,223.0,217.94,295.85,0.7367,0.7538,78.41,0.241,1,24,0.0537,0.0552,0,0.0,0.976,0.057,0.058,0.187,430,dwa
False,collision,423,211.0,207.63,295.85,0.7018,0.7132,88.659,0.232,1,36,0.0851,0.0867,0,0.0,0.982,0.053,0.032,0.095,431,dwa
False,collision,457,228.0,225.69,295.85,0.7629,0.7707,70.55,0.355,1,20,0.0438,0.0475,0,0.0,0.988,0.052,0.02,0.051,432,dwa
False,collision,417,208.0,204.93,295.85,0.6927,0.7031,91.177,0.058,1,10,0.024,0.0242,0,0.0,0.984,0.052,0.011,0.023,433,dwa
False,collision,418,208.5,205.89,295.85,0.6959,0.7047,90.155,0.16,1,8,0.0191,0.0228,0,0.0,0.986,0.051,0.02,0.047,434,dwa
False,collision,431,215.0,213.17,295.85,0.7205,0.7267,82.978,0.141,1,21,0.0487,0.0498,0,0.0,0.99,0.051,0.018,0.044,435,dwa
False,max_time,841,420.0,129.16,295.85,0.4366,1.4196,166.953,0.68,0,576,0.6849,0.6849,0,0.0,0.308,0.064,0.004,0.007,436,dwa
False,collision,445,222.0,218.22,295.85,0.7376,0.7504,78.097,0.252,1,28,0.0629,0.0671,0,0.0,0.981,0.057,0.028,0.075,437,dwa
False,collision,427,213.0,209.24,295.85,0.7073,0.72,86.824,0.119,1,13,0.0304,0.0323,0,0.0,0.981,0.052,0.018,0.04,438,dwa
False,collision,428,213.5,207.51,295.85,0.7014,0.7216,88.82,0.166,1,26,0.0607,0.0612,0,0.0,0.97,0.054,0.027,0.076,439,dwa
False,collision,488,243.5,231.7,295.85,0.7832,0.8231,64.816,0.259,1,32,0.0656,0.0748,0,0.0,0.95,0.073,0.089,0.294,440,dwa
False,collision,436,217.5,215.52,295.85,0.7285,0.7352,80.658,0.239,1,10,0.0229,0.0242,0,0.0,0.989,0.054,0.016,0.04,441,dwa
False,collision,422,210.5,208.55,295.85,0.7049,0.7115,87.564,0.258,1,9,0.0213,0.0216,0,0.0,0.989,0.049,0.012,0.023,442,dwa
False,collision,469,234.0,223.33,295.85,0.7549,0.7909,72.927,0.148,1,27,0.0576,0.0665,0,0.0,0.953,0.059,0.103,0.372,443,dwa
False,collision,472,235.5,230.19,295.85,0.7781,0.796,66.583,0.373,1,31,0.0657,0.0687,0,0.0,0.976,0.061,0.041,0.113,444,dwa
False,collision,419,209.0,206.6,295.85,0.6983,0.7064,89.503,0.211,1,22,0.0525,0.0529,0,0.0,0.987,0.048,0.018,0.041,445,dwa
False,collision,448,223.5,218.39,295.85,0.7382,0.7555,78.043,0.186,1,36,0.0804,0.0841,0,0.0,0.976,0.061,0.031,0.075,446,dwa
False,collision,411,205.0,203.09,295.85,0.6865,0.6929,92.911,0.293,1,9,0.0219,0.0219,0,0.0,0.989,0.049,0.017,0.043,447,dwa
False,collision,424,211.5,207.54,295.85,0.7015,0.7149,88.697,0.369,1,35,0.0825,0.0902,0,0.0,0.98,0.053,0.037,0.13,448,dwa
False,collision,477,238.0,225.59,295.85,0.7625,0.8045,70.993,0.218,1,41,0.086,0.0861,0,0.0,0.946,0.059,0.092,0.323,449,dwa
False,collision,50,24.5,22.26,295.85,0.0752,0.0828,273.626,0.152,1,3,0.06,0.06,0,0.0,0.896,0.064,0.24,0.78,450,dwa
False,collision,419,209.0,204.94,295.85,0.6927,0.7064,91.318,0.077,1,23,0.0549,0.0562,0,0.0,0.979,0.053,0.03,0.083,451,dwa
False,collision,131,65.0,61.97,295.85,0.2095,0.2197,234.001,0.344,1,4,0.0305,0.0305,0,0.0,0.948,0.097,0.109,0.372,452,dwa
False,collision,463,231.0,223.609,295.85,0.7558,0.7808,74.291,0.148,1,26,0.0562,0.0591,0,0.0,0.967,0.086,0.049,0.122,453,dwa
False,collision,488,243.5,232.868,295.85,0.7871,0.8231,64.066,0.047,1,22,0.0451,0.0456,0,0.0,0.955,0.085,0.074,0.224,454,dwa
False,collision,528,263.5,255.87,295.85,0.8649,0.8907,41.441,0.082,1,32,0.0606,0.0617,0,0.0,0.97,0.069,0.038,0.095,455,dwa
False,collision,452,225.5,219.15,295.85,0.7407,0.7622,78.079,0.248,1,47,0.104,0.1103,0,0.0,0.97,0.069,0.04,0.1,456,dwa
False,collision,440,219.5,214.4,295.85,0.7247,0.7419,83.075,0.082,1,30,0.0682,0.0726,0,0.0,0.975,0.07,0.035,0.087,457,dwa
False,collision,434,216.5,213.94,295.85,0.7231,0.7318,82.647,0.143,1,8,0.0184,0.0211,0,0.0,0.987,0.058,0.018,0.038,458,dwa
False,collision,483,241.0,236.22,295.85,0.7984,0.8146,60.412,0.253,1,38,0.0787,0.0792,0,0.0,0.979,0.059,0.041,0.114,459,dwa
False,collision,527,263.0,250.287,295.85,0.846,0.889,48.605,0.371,1,35,0.0664,0.068,0,0.0,0.95,0.095,0.062,0.146,460,dwa
False,collision,459,229.0,226.83,295.85,0.7667,0.774,69.487,0.096,1,26,0.0566,0.0566,0,0.0,0.989,0.055,0.015,0.028,461,dwa
False,collision,420,209.5,206.53,295.85,0.6981,0.7081,89.748,0.093,1,17,0.0405,0.0451,0,0.0,0.984,0.054,0.021,0.064,462,dwa
False,collision,420,209.5,207.98,295.85,0.703,0.7081,88.186,0.164,1,24,0.0571,0.0609,0,0.0,0.991,0.049,0.018,0.045,463,dwa
False,max_time,841,420.0,127.26,295.85,0.4302,1.4196,169.038,0.52,0,579,0.6885,0.6885,0,0.0,0.303,0.067,0.036,0.128,464,dwa
False,collision,417,208.0,204.53,295.85,0.6913,0.7031,91.704,0.25,1,19,0.0456,0.049,0,0.0,0.982,0.054,0.028,0.079,465,dwa
False,collision,448,223.5,217.629,295.85,0.7356,0.7555,79.217,0.17,1,24,0.0536,0.0565,0,0.0,0.972,0.06,0.046,0.142,466,dwa
False,collision,446,222.5,217.32,295.85,0.7346,0.7521,78.988,0.174,1,24,0.0538,0.055,0,0.0,0.975,0.058,0.039,0.109,467,dwa
False,collision,423,211.0,207.63,295.85,0.7018,0.7132,88.487,0.109,1,21,0.0496,0.0507,0,0.0,0.982,0.051,0.032,0.1,468,dwa
False,collision,470,234.5,230.84,295.85,0.7803,0.7926,65.421,0.232,1,28,0.0596,0.0617,0,0.0,0.983,0.052,0.034,0.103,469,dwa
False,collision,429,214.0,210.19,295.85,0.7105,0.7233,86.162,0.08,1,26,0.0606,0.064,0,0.0,0.981,0.057,0.027,0.064,470,dwa
False,collision,52,25.5,23.83,295.85,0.0805,0.0862,272.06,0.165,1,3,0.0577,0.0577,0,0.0,0.922,0.074,0.212,0.736,471,dwa
False,collision,465,232.0,229.92,295.85,0.7772,0.7842,66.262,0.312,1,21,0.0452,0.0485,0,0.0,0.99,0.051,0.018,0.044,472,dwa
False,collision,434,216.5,210.35,295.85,0.711,0.7318,85.878,0.307,1,26,0.0599,0.0648,0,0.0,0.97,0.054,0.057,0.191,473,dwa
False,collision,456,227.5,220.9,295.85,0.7467,0.769,75.32,0.333,1,22,0.0482,0.0545,0,0.0,0.97,0.052,0.062,0.207,474,dwa
False,collision,420,209.5,207.81,295.85,0.7024,0.7081,88.3,0.273,1,15,0.0357,0.037,0,0.0,0.99,0.05,0.021,0.064,475,dwa
False,collision,460,229.5,227.38,295.85,0.7686,0.7757,68.742,0.282,1,12,0.0261,0.0261,0,0.0,0.989,0.053,0.014,0.037,476,dwa
False,collision,524,261.5,257.29,295.85,0.8697,0.8839,39.333,0.398,1,35,0.0668,0.0685,0,0.0,0.983,0.057,0.033,0.102,477,dwa
False,collision,444,221.5,213.89,295.85,0.723,0.7487,83.837,0.328,1,38,0.0856,0.0872,0,0.0,0.964,0.076,0.056,0.153,478,dwa
False,max_time,841,420.0,173.91,295.85,0.5878,1.4196,122.511,0.438,0,496,0.5898,0.6703,0,0.0,0.414,0.063,0.007,0.014,479,dwa
False,collision,452,225.5,222.12,295.85,0.7508,0.7622,74.149,0.042,1,34,0.0752,0.0793,0,0.0,0.983,0.056,0.027,0.076,480,dwa
False,collision,415,207.0,204.63,295.85,0.6917,0.6997,91.552,0.223,1,19,0.0458,0.0458,0,0.0,0.987,0.052,0.023,0.063,481,dwa
False,collision,433,216.0,214.89,295.85,0.7263,0.7301,81.123,0.283,1,4,0.0092,0.0121,0,0.0,0.993,0.048,0.013,0.034,482,dwa
False,collision,465,232.0,229.84,295.85,0.7769,0.7842,66.349,0.153,1,24,0.0516,0.0583,0,0.0,0.989,0.051,0.019,0.045,483,dwa
False,collision,433,216.0,209.09,295.85,0.7067,0.7301,87.18,0.124,1,32,0.0739,0.0782,0,0.0,0.966,0.057,0.044,0.135,484,dwa
False,max_time,841,420.0,147.77,295.85,0.4995,1.4196,148.476,0.491,0,535,0.6361,0.6509,0,0.0,0.352,0.074,0.019,0.055,485,dwa
False,collision,418,208.5,206.84,295.85,0.6991,0.7047,89.228,0.32,1,3,0.0072,0.0074,0,0.0,0.99,0.048,0.012,0.025,486,dwa
False,collision,440,219.5,211.93,295.85,0.7163,0.7419,84.572,0.256,1,33,0.075,0.0767,0,0.0,0.964,0.073,0.076,0.244,487,dwa
False,collision,412,205.5,204.42,295.85,0.691,0.6946,91.697,0.327,1,7,0.017,0.0187,0,0.0,0.993,0.05,0.011,0.026,488,dwa
False,collision,462,230.5,221.027,295.85,0.7471,0.7791,77.374,0.143,1,27,0.0584,0.0593,0,0.0,0.957,0.084,0.045,0.117,489,dwa
False,collision,422,210.5,209.0,295.85,0.7064,0.7115,87.136,0.321,1,14,0.0332,0.0334,0,0.0,0.991,0.05,0.012,0.02,490,dwa
False,collision,423,211.0,209.29,295.85,0.7074,0.7132,86.81,0.203,1,7,0.0165,0.0191,0,0.0,0.99,0.05,0.016,0.04,491,dwa
False,collision,413,206.0,203.81,295.85,0.6889,0.6963,92.407,0.346,1,25,0.0605,0.0653,0,0.0,0.988,0.051,0.019,0.041,492,dwa
False,collision,441,220.0,210.97,295.85,0.7131,0.7436,85.386,0.182,1,19,0.0431,0.0452,0,0.0,0.957,0.071,0.093,0.316,493,dwa
False,collision,439,219.0,213.6,295.85,0.722,0.7402,82.702,0.171,1,33,0.0752,0.0853,0,0.0,0.974,0.057,0.032,0.087,494,dwa
False,collision,423,211.0,208.96,295.85,0.7063,0.7132,87.067,0.214,1,5,0.0118,0.0142,0,0.0,0.989,0.051,0.014,0.028,495,dwa
False,max_time,841,420.0,183.81,295.85,0.6213,1.4196,112.581,0.506,0,479,0.5696,0.5785,0,0.0,0.437,0.062,0.007,0.017,496,dwa
False,collision,458,228.5,218.817,295.85,0.7396,0.7724,78.417,0.15,1,21,0.0459,0.0459,0,0.0,0.956,0.086,0.072,0.233,497,dwa
False,collision,426,212.5,207.21,295.85,0.7004,0.7183,89.144,0.113,1,24,0.0563,0.0583,0,0.0,0.974,0.081,0.054,0.183,498,dwa
False,collision,414,206.5,204.15,295.85,0.69,0.698,91.86,0.137,1,11,0.0266,0.0297,0,0.0,0.987,0.051,0.018,0.045,499,dwa
False,collision,565,282.0,267.48,295.85,0.9041,0.9532,29.685,0.126,1,34,0.0602,0.0605,0,0.0,0.947,0.071,0.105,0.337,500,dwa
