global_planner,algorithm,seed_sd,layer
astar,astar,0.08715248450592536,sfm
astar,cadrl,0.036270588023294525,sfm
astar,cadrl_upstream,0.061967733539318684,sfm
astar,crowdnav_attngraph,0.10932113753117974,sfm
astar,crowdnav_dsrnn,0.0843537524687287,sfm
astar,dijkstra,0.09392668535736914,sfm
astar,dwa,0.08896940797575062,sfm
astar,lstm_rl,0.07955431408094027,sfm
astar,lstm_rl_upstream,0.056134758493389045,sfm
astar,mpc,0.038930136855083806,sfm
astar,mpc_dompc,0.0545282801244761,sfm
astar,orca,0.08208396784864738,sfm
astar,orca_heuristic,0.0764780287983999,sfm
astar,rrt,0.0847479924377104,sfm
astar,sarl,0.0632455532033676,sfm
astar,sarl_upstream,0.08422192905255338,sfm
astar,teb,0.11003029885748136,sfm
astar,teb_upstream,0.07192588778272631,sfm
dijkstra,astar,0.08243515970479802,sfm
dijkstra,cadrl,0.03399346342395191,sfm
dijkstra,cadrl_upstream,0.04195235392680607,sfm
dijkstra,crowdnav_attngraph,0.11927559124425528,sfm
dijkstra,crowdnav_dsrnn,0.09003702941938206,sfm
dijkstra,dijkstra,0.09131143289740759,sfm
dijkstra,dwa,0.08705043238133728,sfm
dijkstra,lstm_rl,0.07471427053931676,sfm
dijkstra,lstm_rl_upstream,0.053995884616844236,sfm
dijkstra,mpc,0.04366539438350083,sfm
dijkstra,mpc_dompc,0.060955357070199806,sfm
dijkstra,orca,0.08178562764256862,sfm
dijkstra,orca_heuristic,0.06995236474439824,sfm
dijkstra,rrt,0.08966604708583958,sfm
dijkstra,sarl,0.06069962474714689,sfm
dijkstra,sarl_upstream,0.09542885657214313,sfm
dijkstra,teb,0.10850499220465999,sfm
dijkstra,teb_upstream,0.07146094504459528,sfm
rrt,astar,0.10699948078794068,sfm
rrt,cadrl,0.08787493795306739,sfm
rrt,cadrl_upstream,0.05452828012447608,sfm
rrt,crowdnav_attngraph,0.0796682463623874,sfm
rrt,crowdnav_dsrnn,0.06798692684790376,sfm
rrt,dijkstra,0.09651712571122058,sfm
rrt,dwa,0.09546992192765918,sfm
rrt,lstm_rl,0.12205291198145334,sfm
rrt,lstm_rl_upstream,0.06467010300148147,sfm
rrt,mpc,0.03675746333890727,sfm
rrt,mpc_dompc,0.056217005481508674,sfm
rrt,orca,0.10576399430160013,sfm
rrt,orca_heuristic,0.038533340923403415,sfm
rrt,rrt,0.08024961059095552,sfm
rrt,sarl,0.07330302403948515,sfm
rrt,sarl_upstream,0.09517246523897566,sfm
rrt,teb,0.10327955589886445,sfm
rrt,teb_upstream,0.051811624607267875,sfm
astar,astar,0.09249624617007737,pysf
astar,cadrl,0.08315981935740092,pysf
astar,cadrl_upstream,0.06736302975503534,pysf
astar,crowdnav_attngraph,0.10042133460796289,pysf
astar,crowdnav_dsrnn,0.09045563676312397,pysf
astar,dijkstra,0.08262364471909156,pysf
astar,dwa,0.16504544828622206,pysf
astar,lstm_rl,0.09189365834726816,pysf
astar,lstm_rl_upstream,0.08612652191849951,pysf
astar,mpc,0.12997435644515934,pysf
astar,mpc_dompc,0.049888765156985884,pysf
astar,orca,0.0770569774762661,pysf
astar,orca_heuristic,0.07229568912920512,pysf
astar,rrt,0.02836272984824353,pysf
astar,sarl,0.045411696975803724,pysf
astar,sarl_upstream,0.06746192341692543,pysf
astar,teb,0.017511900715418263,pysf
astar,teb_upstream,0.037771241264574124,pysf
dijkstra,astar,0.10666666666666666,pysf
dijkstra,cadrl,0.10121484300459319,pysf
dijkstra,cadrl_upstream,0.07671013260609345,pysf
dijkstra,crowdnav_attngraph,0.09681597664297632,pysf
dijkstra,crowdnav_dsrnn,0.09863513009515874,pysf
dijkstra,dijkstra,0.09428090415820632,pysf
dijkstra,dwa,0.15749426797329621,pysf
dijkstra,lstm_rl,0.09968840342676664,pysf
dijkstra,lstm_rl_upstream,0.07302967433402215,pysf
dijkstra,mpc,0.12337837015547833,pysf
dijkstra,mpc_dompc,0.05116422361159972,pysf
dijkstra,orca,0.07743097284391794,pysf
dijkstra,orca_heuristic,0.07306009702825325,pysf
dijkstra,rrt,0.026997942308422118,pysf
dijkstra,sarl,0.043461349368017654,pysf
dijkstra,sarl_upstream,0.07509993342207434,pysf
dijkstra,teb,0.017511900715418263,pysf
dijkstra,teb_upstream,0.04157990967870047,pysf
rrt,astar,0.07042726744663604,pysf
rrt,cadrl,0.10121484300459317,pysf
rrt,cadrl_upstream,0.061860057118197566,pysf
rrt,crowdnav_attngraph,0.07674469226124092,pysf
rrt,crowdnav_dsrnn,0.11053405709453433,pysf
rrt,dijkstra,0.07083627444874398,pysf
rrt,dwa,0.11510381787277472,pysf
rrt,lstm_rl,0.06425643072011461,pysf
rrt,lstm_rl_upstream,0.049933288829530686,pysf
rrt,mpc,0.055015149428740674,pysf
rrt,mpc_dompc,0.04442221666388715,pysf
rrt,orca,0.08422192905255337,pysf
rrt,orca_heuristic,0.09383200117467623,pysf
rrt,rrt,0.05006662228138289,pysf
rrt,sarl,0.10347302385968368,pysf
rrt,sarl_upstream,0.09055385138137416,pysf
rrt,teb,0.046380072349136235,pysf
rrt,teb_upstream,0.054528280124476095,pysf
astar,astar,0.07545418035691154,jupedsim
astar,cadrl,0.04242640687119283,jupedsim
astar,cadrl_upstream,0.08753412033157255,jupedsim
astar,crowdnav_attngraph,0.07208020224413607,jupedsim
astar,crowdnav_dsrnn,0.08167687011088949,jupedsim
astar,dijkstra,0.11739770961233538,jupedsim
astar,dwa,0.08058122196475635,jupedsim
astar,lstm_rl,0.07743097284391791,jupedsim
astar,lstm_rl_upstream,0.07604092465391396,jupedsim
astar,mpc,0.04903513479582211,jupedsim
astar,mpc_dompc,0.06746192341692543,jupedsim
astar,orca,0.08630694577430535,jupedsim
astar,orca_heuristic,0.06380525927469546,jupedsim
astar,rrt,0.10507140429250958,jupedsim
astar,sarl,0.061970675830363114,jupedsim
astar,sarl_upstream,0.09392668535736914,jupedsim
astar,teb,0.1221292575739145,jupedsim
astar,teb_upstream,0.07318166133366713,jupedsim
dijkstra,astar,0.07183313998427188,jupedsim
dijkstra,cadrl,0.05947922139518789,jupedsim
dijkstra,cadrl_upstream,0.07568942389058651,jupedsim
dijkstra,crowdnav_attngraph,0.08110350040397625,jupedsim
dijkstra,crowdnav_dsrnn,0.0899629553390357,jupedsim
dijkstra,dijkstra,0.12117938952001879,jupedsim
dijkstra,dwa,0.08443274772793367,jupedsim
dijkstra,lstm_rl,0.07378647873726217,jupedsim
dijkstra,lstm_rl_upstream,0.071336448530109,jupedsim
dijkstra,mpc,0.05750362307426086,jupedsim
dijkstra,mpc_dompc,0.07845734863959879,jupedsim
dijkstra,orca,0.0947511360236793,jupedsim
dijkstra,orca_heuristic,0.08804039476916896,jupedsim
dijkstra,rrt,0.11822765233978799,jupedsim
dijkstra,sarl,0.06036929557951392,jupedsim
dijkstra,sarl_upstream,0.10338708279513883,jupedsim
dijkstra,teb,0.1368860028555797,jupedsim
dijkstra,teb_upstream,0.09104333522498445,jupedsim
rrt,astar,0.04341018825626587,jupedsim
rrt,cadrl,0.06586180818788517,jupedsim
rrt,cadrl_upstream,0.04263540521418529,jupedsim
rrt,crowdnav_attngraph,0.08710595744647137,jupedsim
rrt,crowdnav_dsrnn,0.05966573556070518,jupedsim
rrt,dijkstra,0.08816650913659524,jupedsim
rrt,dwa,0.07133644853010894,jupedsim
rrt,lstm_rl,0.08436098279210628,jupedsim
rrt,lstm_rl_upstream,0.06815016100086958,jupedsim
rrt,mpc,0.05855647015608163,jupedsim
rrt,mpc_dompc,0.06494442068244027,jupedsim
rrt,orca,0.07105553383719589,jupedsim
rrt,orca_heuristic,0.09104333522498444,jupedsim
rrt,rrt,0.06915361322607969,jupedsim
rrt,sarl,0.07796281645558752,jupedsim
rrt,sarl_upstream,0.07306009702825321,jupedsim
rrt,teb,0.09617114374327099,jupedsim
rrt,teb_upstream,0.08154071920757683,jupedsim
