time,x,y,yaw,v,w,goal_distance,min_person_dist,closest_person,total_cost,action_linear_x,action_angular_z,observation_state_linear_x,observation_state_angular_z,observation_state_road_type
0.5,2.1499,3.9948,-0.03491,0.3,-0.06981,295.8501,2.8502,walk_east_mid.0,590.7342,0.3,-0.06981,0.3,-0.06981,Sidewalk
1.0,2.4499,3.9948,0.0,0.6,0.06981,295.5501,3.0972,walk_east_mid.0,588.4266,0.6,0.06981,0.6,0.06981,Sidewalk
1.5,2.8988,3.9634,-0.06981,0.9,-0.13963,295.1012,3.1676,walk_east_mid.0,586.1781,0.9,-0.13963,0.9,-0.13963,Sidewalk
2.0,3.3861,3.9122,-0.10472,0.98,-0.06981,294.6139,3.2338,walk_east_mid.0,584.8992,0.98,-0.06981,0.98,-0.06981,Sidewalk
2.5,3.8813,3.8426,-0.13963,1.0,-0.06981,294.1188,3.317,walk_east_mid.0,583.4421,1.0,-0.06981,1.0,-0.06981,Sidewalk
3.0,4.2949,3.7696,-0.17453,0.84,-0.06981,293.7052,3.4802,walk_east_mid.0,583.3214,0.84,-0.06981,0.84,-0.06981,Sidewalk
3.5,4.7405,3.707,-0.13963,0.9,0.06981,293.2596,3.509,walk_east_mid.0,582.4716,0.9,0.06981,0.9,0.06981,Sidewalk
4.0,5.2356,3.6374,-0.13963,1.0,-0.0,292.7646,3.5713,walk_east_mid.0,580.6574,1.0,-0.0,1.0,-0.0,Sidewalk
4.5,5.7031,3.5883,-0.10472,0.94,0.06981,292.2972,3.668,walk_east_mid.0,580.2042,0.94,0.06981,0.94,0.06981,Sidewalk
5.0,6.2003,3.536,-0.10472,1.0,-0.0,291.8,3.6828,walk_east_mid.0,578.6245,1.0,-0.0,1.0,-0.0,Sidewalk
5.5,6.6792,3.5025,-0.06981,0.96,0.06981,291.3213,3.7039,walk_east_mid.0,578.2175,0.96,0.06981,0.96,0.06981,Sidewalk
6.0,7.1779,3.4677,-0.06981,1.0,-0.0,290.8226,3.7398,walk_east_mid.0,576.6542,1.0,-0.0,1.0,-0.0,Sidewalk
6.5,7.6576,3.4509,-0.03491,0.96,0.06981,290.3429,3.7768,walk_east_mid.0,576.1561,0.96,0.06981,0.96,0.06981,Sidewalk
7.0,8.1573,3.4335,-0.03491,1.0,-0.0,289.8432,3.8122,walk_east_mid.0,574.6876,1.0,-0.0,1.0,-0.0,Sidewalk
7.5,8.6373,3.4335,0.0,0.96,0.06981,289.3632,3.8227,walk_east_mid.0,574.157,0.96,0.06981,0.96,0.06981,Sidewalk
8.0,9.1373,3.4335,0.0,1.0,-0.0,288.8632,3.7998,walk_east_mid.0,572.85,1.0,-0.0,1.0,-0.0,Sidewalk
8.5,9.617,3.4502,0.03491,0.96,0.06981,288.3835,3.8322,walk_east_mid.0,572.2111,0.96,0.06981,0.96,0.06981,Sidewalk
9.0,10.1167,3.4677,0.03491,1.0,-0.0,287.8838,3.8877,walk_east_mid.0,570.8719,1.0,-0.0,1.0,-0.0,Sidewalk
9.5,10.6167,3.4677,0.0,1.0,-0.06981,287.3838,3.8792,walk_east_mid.0,569.5845,1.0,-0.06981,1.0,-0.06981,Sidewalk
10.0,11.1164,3.4851,0.03491,1.0,0.06981,286.884,3.948,walk_east_mid.0,568.9511,1.0,0.06981,1.0,0.06981,Sidewalk
10.5,11.6161,3.5026,0.03491,1.0,-0.0,286.3843,3.9858,walk_east_mid.0,567.7363,1.0,-0.0,1.0,-0.0,Sidewalk
11.0,12.1161,3.5026,0.0,1.0,-0.06981,285.8843,3.9573,walk_east_mid.0,566.5526,1.0,-0.06981,1.0,-0.06981,Sidewalk
11.5,12.6058,3.4855,-0.03491,0.98,-0.06981,285.3946,4.014,walk_east_mid.0,565.6377,0.98,-0.06981,0.98,-0.06981,Sidewalk
12.0,13.1058,3.4855,0.0,1.0,0.06981,284.8946,3.9919,walk_east_mid.0,564.8716,1.0,0.06981,1.0,0.06981,Sidewalk
12.5,13.6058,3.4855,0.0,1.0,-0.0,284.3946,4.0408,walk_east_mid.0,563.6353,1.0,-0.0,1.0,-0.0,Sidewalk
13.0,14.1055,3.5029,0.03491,1.0,0.06981,283.8949,4.0756,walk_east_mid.0,562.7674,1.0,0.06981,1.0,0.06981,Sidewalk
13.5,14.6052,3.5204,0.03491,1.0,-0.0,283.3952,4.1205,walk_east_mid.0,561.6052,1.0,-0.0,1.0,-0.0,Sidewalk
14.0,15.1052,3.5204,0.0,1.0,-0.06981,282.8952,4.1071,walk_east_mid.0,560.5009,1.0,-0.06981,1.0,-0.06981,Sidewalk
14.5,15.6049,3.5029,-0.03491,1.0,-0.06981,282.3955,4.1378,walk_east_mid.0,559.484,1.0,-0.06981,1.0,-0.06981,Sidewalk
15.0,16.1049,3.5029,0.0,1.0,0.06981,281.8955,4.1763,walk_east_mid.0,558.6359,1.0,0.06981,1.0,0.06981,Sidewalk
15.5,16.6049,3.5029,0.0,1.0,-0.0,281.3955,4.2071,walk_east_mid.0,557.5006,1.0,-0.0,1.0,-0.0,Sidewalk
16.0,17.0946,3.4858,-0.03491,0.98,-0.06981,280.9058,4.2779,walk_east_mid.0,556.5688,0.98,-0.06981,0.98,-0.06981,Sidewalk
16.5,17.5946,3.4858,0.0,1.0,0.06981,280.4059,4.274,walk_east_mid.0,555.5728,1.0,0.06981,1.0,0.06981,Sidewalk
17.0,18.0946,3.4858,0.0,1.0,-0.0,279.9059,4.2892,walk_east_mid.0,554.4663,1.0,-0.0,1.0,-0.0,Sidewalk
17.5,18.5943,3.5033,0.03491,1.0,0.06981,279.4061,4.2793,walk_east_mid.0,553.5886,1.0,0.06981,1.0,0.06981,Sidewalk
18.0,19.094,3.5207,0.03491,1.0,-0.0,278.9064,4.3513,walk_east_mid.0,552.4498,1.0,-0.0,1.0,-0.0,Sidewalk
18.5,19.594,3.5207,0.0,1.0,-0.06981,278.4064,4.4049,walk_east_mid.0,551.4045,1.0,-0.06981,1.0,-0.06981,Sidewalk
19.0,20.0937,3.5033,-0.03491,1.0,-0.06981,277.9067,4.4183,walk_east_mid.0,550.4154,1.0,-0.06981,1.0,-0.06981,Sidewalk
19.5,20.5937,3.5033,0.0,1.0,0.06981,277.4067,4.4715,walk_east_mid.0,549.4478,1.0,0.06981,1.0,0.06981,Sidewalk
20.0,21.0937,3.5033,0.0,1.0,-0.0,276.9067,4.4574,walk_east_mid.0,548.3803,1.0,-0.0,1.0,-0.0,Sidewalk
20.5,21.5934,3.5207,0.03491,1.0,0.06981,276.407,4.5044,walk_east_mid.0,547.4521,1.0,0.06981,1.0,0.06981,Sidewalk
21.0,22.0931,3.5382,0.03491,1.0,-0.0,275.9073,4.4667,walk_east_mid.0,546.3885,1.0,-0.0,1.0,-0.0,Sidewalk
21.5,22.5931,3.5382,0.0,1.0,-0.06981,275.4073,4.458,walk_east_mid.0,545.3892,1.0,-0.06981,1.0,-0.06981,Sidewalk
22.0,23.0928,3.5207,-0.03491,1.0,-0.06981,274.9076,4.4562,walk_east_mid.0,544.4065,1.0,-0.06981,1.0,-0.06981,Sidewalk
22.5,23.5928,3.5207,0.0,1.0,0.06981,274.4076,4.5322,walk_east_mid.0,543.4182,1.0,0.06981,1.0,0.06981,Sidewalk
23.0,24.0928,3.5207,0.0,1.0,-0.0,273.9076,4.5386,walk_east_mid.0,542.3469,1.0,-0.0,1.0,-0.0,Sidewalk
23.5,24.5925,3.5033,-0.03491,1.0,-0.06981,273.408,4.5403,walk_east_mid.0,541.3858,1.0,-0.06981,1.0,-0.06981,Sidewalk
24.0,25.0925,3.5033,0.0,1.0,0.06981,272.908,4.6163,walk_east_mid.0,540.3841,1.0,0.06981,1.0,0.06981,Sidewalk
24.5,25.5925,3.5033,0.0,1.0,-0.0,272.408,4.5991,walk_east_up.0,539.3094,1.0,-0.0,1.0,-0.0,Sidewalk
25.0,26.0922,3.5207,0.03491,1.0,0.06981,271.9082,4.5806,walk_east_up.0,538.407,1.0,0.06981,1.0,0.06981,Sidewalk
25.5,26.5919,3.5382,0.03491,1.0,-0.0,271.4085,4.6056,walk_east_up.0,537.291,1.0,-0.0,1.0,-0.0,Sidewalk
26.0,27.0919,3.5382,0.0,1.0,-0.06981,270.9085,4.6344,walk_east_up.0,536.3207,1.0,-0.06981,1.0,-0.06981,Sidewalk
26.5,27.5916,3.5207,-0.03491,1.0,-0.06981,270.4088,4.6928,walk_east_up.0,535.343,1.0,-0.06981,1.0,-0.06981,Sidewalk
27.0,28.0916,3.5207,0.0,1.0,0.06981,269.9089,4.7113,walk_east_mid.0,534.3488,1.0,0.06981,1.0,0.06981,Sidewalk
27.5,28.5916,3.5207,0.0,1.0,-0.0,269.4089,4.7612,walk_east_up.0,533.2674,1.0,-0.0,1.0,-0.0,Sidewalk
28.0,29.0913,3.5033,-0.03491,1.0,-0.06981,268.9092,4.7685,walk_east_mid.0,532.3378,1.0,-0.06981,1.0,-0.06981,Sidewalk
28.5,29.5913,3.5033,0.0,1.0,0.06981,268.4092,4.7944,walk_east_mid.0,531.324,1.0,0.06981,1.0,0.06981,Sidewalk
29.0,30.0913,3.5033,0.0,1.0,-0.0,267.9092,4.7669,walk_east_up.0,530.2485,1.0,-0.0,1.0,-0.0,Sidewalk
29.5,30.591,3.5207,0.03491,1.0,0.06981,267.4095,4.7856,walk_east_up.0,529.343,1.0,0.06981,1.0,0.06981,Sidewalk
30.0,31.0907,3.5382,0.03491,1.0,-0.0,266.9097,4.7914,walk_east_up.0,528.2441,1.0,-0.0,1.0,-0.0,Sidewalk
30.5,31.5907,3.5382,0.0,1.0,-0.06981,266.4097,4.7928,walk_east_up.0,527.2895,1.0,-0.06981,1.0,-0.06981,Sidewalk
31.0,32.0904,3.5207,-0.03491,1.0,-0.06981,265.9101,4.8298,walk_east_up.0,526.3133,1.0,-0.06981,1.0,-0.06981,Sidewalk
31.5,32.5904,3.5207,0.0,1.0,0.06981,265.4101,4.8185,walk_east_up.0,525.301,1.0,0.06981,1.0,0.06981,Sidewalk
32.0,33.0904,3.5207,0.0,1.0,-0.0,264.9101,4.8427,walk_east_up.0,524.217,1.0,-0.0,1.0,-0.0,Sidewalk
32.5,33.5901,3.5033,-0.03491,1.0,-0.06981,264.4104,4.8553,walk_east_up.0,523.2907,1.0,-0.06981,1.0,-0.06981,Sidewalk
33.0,34.0901,3.5033,0.0,1.0,0.06981,263.9104,4.8445,walk_east_up.0,522.2956,1.0,0.06981,1.0,0.06981,Sidewalk
33.5,34.5901,3.5033,0.0,1.0,-0.0,263.4104,4.861,walk_east_up.0,521.207,1.0,-0.0,1.0,-0.0,Sidewalk
34.0,35.0897,3.5207,0.03491,1.0,0.06981,262.9107,4.9052,walk_east_up.0,520.314,1.0,0.06981,1.0,0.06981,Sidewalk
34.5,35.5894,3.5382,0.03491,1.0,-0.0,262.411,4.8684,walk_east_up.0,519.2153,1.0,-0.0,1.0,-0.0,Sidewalk
35.0,36.0894,3.5382,0.0,1.0,-0.06981,261.911,4.9155,walk_east_up.0,518.2407,1.0,-0.06981,1.0,-0.06981,Sidewalk
35.5,36.5891,3.5207,-0.03491,1.0,-0.06981,261.4113,4.9195,walk_east_up.0,517.2654,1.0,-0.06981,1.0,-0.06981,Sidewalk
36.0,37.0891,3.5207,0.0,1.0,0.06981,260.9113,4.9391,walk_east_up.0,516.2747,1.0,0.06981,1.0,0.06981,Sidewalk
36.5,37.5891,3.5207,0.0,1.0,-0.0,260.4113,4.9127,walk_east_up.0,515.1988,1.0,-0.0,1.0,-0.0,Sidewalk
37.0,38.0888,3.5033,-0.03491,1.0,-0.06981,259.9116,4.937,walk_east_up.0,514.2658,1.0,-0.06981,1.0,-0.06981,Sidewalk
37.5,38.5888,3.5033,0.0,1.0,0.06981,259.4116,5.001,walk_east_up.0,513.2628,1.0,0.06981,1.0,0.06981,Sidewalk
38.0,39.0888,3.5033,0.0,1.0,-0.0,258.9116,4.9661,walk_east_up.0,512.1913,1.0,-0.0,1.0,-0.0,Sidewalk
38.5,39.5885,3.5207,0.03491,1.0,0.06981,258.4119,4.9598,walk_east_up.0,511.3035,1.0,0.06981,1.0,0.06981,Sidewalk
39.0,40.0882,3.5382,0.03491,1.0,-0.0,257.9122,4.9803,walk_east_up.0,510.1964,1.0,-0.0,1.0,-0.0,Sidewalk
39.5,40.5882,3.5382,0.0,1.0,-0.06981,257.4122,5.038,walk_east_up.0,509.2244,1.0,-0.06981,1.0,-0.06981,Sidewalk
40.0,41.0879,3.5207,-0.03491,1.0,-0.06981,256.9125,5.1053,walk_east_up.0,508.2484,1.0,-0.06981,1.0,-0.06981,Sidewalk
40.5,41.5879,3.5207,0.0,1.0,0.06981,256.4125,5.0901,walk_east_up.0,507.2461,1.0,0.06981,1.0,0.06981,Sidewalk
41.0,42.0879,3.5207,0.0,1.0,-0.0,255.9125,5.1331,walk_east_up.0,506.1662,1.0,-0.0,1.0,-0.0,Sidewalk
41.5,42.5876,3.5033,-0.03491,1.0,-0.06981,255.4129,5.1807,walk_east_up.0,505.2437,1.0,-0.06981,1.0,-0.06981,Sidewalk
42.0,43.0876,3.5033,0.0,1.0,0.06981,254.9129,5.1515,walk_east_up.0,504.2364,1.0,0.06981,1.0,0.06981,Sidewalk
42.5,43.5876,3.5033,0.0,1.0,-0.0,254.4129,5.167,walk_east_up.0,503.1632,1.0,-0.0,1.0,-0.0,Sidewalk
43.0,44.0873,3.5207,0.03491,1.0,0.06981,253.9131,5.2263,walk_east_up.0,502.2531,1.0,0.06981,1.0,0.06981,Sidewalk
43.5,44.587,3.5382,0.03491,1.0,-0.0,253.4134,5.2203,walk_east_up.0,501.1598,1.0,-0.0,1.0,-0.0,Sidewalk
44.0,45.087,3.5382,0.0,1.0,-0.06981,252.9134,5.1982,walk_east_up.0,500.2093,1.0,-0.06981,1.0,-0.06981,Sidewalk
44.5,45.5867,3.5207,-0.03491,1.0,-0.06981,252.4138,5.2621,walk_east_up.0,499.2359,1.0,-0.06981,1.0,-0.06981,Sidewalk
45.0,46.0867,3.5207,0.0,1.0,0.06981,251.9138,5.3075,walk_east_up.0,498.2116,1.0,0.06981,1.0,0.06981,Sidewalk
45.5,46.5867,3.5207,0.0,1.0,-0.0,251.4138,5.3346,walk_east_up.0,497.1416,1.0,-0.0,1.0,-0.0,Sidewalk
46.0,47.0864,3.5033,-0.03491,1.0,-0.06981,250.9141,5.3542,walk_east_up.0,496.2306,1.0,-0.06981,1.0,-0.06981,Sidewalk
46.5,47.5864,3.5033,0.0,1.0,0.06981,250.4141,5.4152,walk_east_up.0,495.1977,1.0,0.06981,1.0,0.06981,Sidewalk
47.0,48.0864,3.5033,0.0,1.0,-0.0,249.9141,5.4305,walk_east_up.0,494.1323,1.0,-0.0,1.0,-0.0,Sidewalk
47.5,48.5861,3.5207,0.03491,1.0,0.06981,249.4144,5.4682,walk_east_up.0,493.2186,1.0,0.06981,1.0,0.06981,Sidewalk
48.0,49.0858,3.5382,0.03491,1.0,-0.0,248.9146,5.4819,walk_east_up.0,492.1278,1.0,-0.0,1.0,-0.0,Sidewalk
48.5,49.5858,3.5382,0.0,1.0,-0.06981,248.4146,5.4741,walk_east_up.0,491.1853,1.0,-0.06981,1.0,-0.06981,Sidewalk
49.0,50.0855,3.5556,0.03491,1.0,0.06981,247.9149,5.5017,walk_east_up.0,490.2134,1.0,0.06981,1.0,0.06981,Sidewalk
49.5,50.5852,3.5731,0.03491,1.0,-0.0,247.4152,5.5326,walk_east_up.0,489.1207,1.0,-0.0,1.0,-0.0,Sidewalk
50.0,51.0852,3.5731,0.0,1.0,-0.06981,246.9152,5.5159,walk_east_up.0,488.179,1.0,-0.06981,1.0,-0.06981,Sidewalk
50.5,51.5849,3.5905,0.03491,1.0,0.06981,246.4155,5.4972,walk_east_up.0,487.2135,1.0,0.06981,1.0,0.06981,Sidewalk
51.0,52.0846,3.608,0.03491,1.0,-0.0,245.9157,5.4934,walk_east_up.0,486.1242,1.0,-0.0,1.0,-0.0,Sidewalk
51.5,52.5846,3.608,0.0,1.0,-0.06981,245.4157,5.5106,walk_east_up.0,485.177,1.0,-0.06981,1.0,-0.06981,Sidewalk
52.0,53.0843,3.6254,0.03491,1.0,0.06981,244.916,5.5666,walk_east_up.0,484.2043,1.0,0.06981,1.0,0.06981,Sidewalk
52.5,53.584,3.6429,0.03491,1.0,-0.0,244.4163,5.5399,walk_east_up.0,483.118,1.0,-0.0,1.0,-0.0,Sidewalk
53.0,54.084,3.6429,0.0,1.0,-0.06981,243.9163,5.5977,walk_east_up.0,482.1673,1.0,-0.06981,1.0,-0.06981,Sidewalk
53.5,54.5837,3.6254,-0.03491,1.0,-0.06981,243.4166,5.5842,walk_east_up.0,481.2022,1.0,-0.06981,1.0,-0.06981,Sidewalk
54.0,55.0837,3.6254,0.0,1.0,0.06981,242.9166,5.5916,walk_east_up.0,480.1734,1.0,0.06981,1.0,0.06981,Sidewalk
54.5,55.5837,3.6254,0.0,1.0,-0.0,242.4166,5.5948,walk_east_up.0,479.1099,1.0,-0.0,1.0,-0.0,Sidewalk
55.0,56.0834,3.608,-0.03491,1.0,-0.06981,241.917,5.5669,walk_east_up.0,478.2062,1.0,-0.06981,1.0,-0.06981,Sidewalk
55.5,56.5834,3.608,0.0,1.0,0.06981,241.417,5.6023,walk_east_up.0,477.1735,1.0,0.06981,1.0,0.06981,Sidewalk
56.0,57.0834,3.608,0.0,1.0,-0.0,240.917,5.574,walk_east_up.0,476.114,1.0,-0.0,1.0,-0.0,Sidewalk
56.5,57.583,3.6254,0.03491,1.0,0.06981,240.4172,5.6406,walk_east_up.0,475.1978,1.0,0.06981,1.0,0.06981,Sidewalk
57.0,58.0827,3.6429,0.03491,1.0,-0.0,239.9175,5.6524,walk_east_up.0,474.1079,1.0,-0.0,1.0,-0.0,Sidewalk
57.5,58.5827,3.6429,0.0,1.0,-0.06981,239.4175,5.6401,walk_east_up.0,473.1662,1.0,-0.06981,1.0,-0.06981,Sidewalk
58.0,59.0824,3.6603,0.03491,1.0,0.06981,238.9178,5.6423,walk_east_up.0,472.1976,1.0,0.06981,1.0,0.06981,Sidewalk
58.5,59.5821,3.6778,0.03491,1.0,-0.0,238.4181,5.6938,walk_east_up.0,471.103,1.0,-0.0,1.0,-0.0,Sidewalk
59.0,60.0821,3.6778,0.0,1.0,-0.06981,237.9181,5.6765,walk_east_up.0,470.1611,1.0,-0.06981,1.0,-0.06981,Sidewalk
59.5,60.5818,3.6952,0.03491,1.0,0.06981,237.4184,5.6938,walk_east_up.0,469.1919,1.0,0.06981,1.0,0.06981,Sidewalk
60.0,61.0815,3.7127,0.03491,1.0,-0.0,236.9187,5.7156,walk_east_up.0,468.1003,1.0,-0.0,1.0,-0.0,Sidewalk
60.5,61.5815,3.7127,0.0,1.0,-0.06981,236.4187,5.7764,walk_east_up.0,467.1513,1.0,-0.06981,1.0,-0.06981,Sidewalk
61.0,62.0812,3.7301,0.03491,1.0,0.06981,235.9189,5.8318,walk_east_up.0,466.1777,1.0,0.06981,1.0,0.06981,Sidewalk
61.5,62.5809,3.7476,0.03491,1.0,-0.0,235.4192,5.8051,walk_east_up.0,465.0913,1.0,-0.0,1.0,-0.0,Sidewalk
62.0,63.0809,3.7476,0.0,1.0,-0.06981,234.9192,5.855,walk_east_up.0,464.1437,1.0,-0.06981,1.0,-0.06981,Sidewalk
62.5,63.5806,3.7301,-0.03491,1.0,-0.06981,234.4195,5.8232,walk_east_up.0,463.1795,1.0,-0.06981,1.0,-0.06981,Sidewalk
63.0,64.0806,3.7301,0.0,1.0,0.06981,233.9195,5.7998,walk_east_up.0,462.1525,1.0,0.06981,1.0,0.06981,Sidewalk
63.5,64.5806,3.7301,0.0,1.0,-0.0,233.4195,5.7943,walk_east_up.0,461.09,1.0,-0.0,1.0,-0.0,Sidewalk
64.0,65.0803,3.7476,0.03491,1.0,0.06981,232.9198,5.8261,walk_east_up.0,460.1798,1.0,0.06981,1.0,0.06981,Sidewalk
64.5,65.58,3.765,0.03491,1.0,-0.0,232.4201,5.8759,walk_east_up.0,459.0858,1.0,-0.0,1.0,-0.0,Sidewalk
65.0,66.08,3.765,0.0,1.0,-0.06981,231.9201,5.857,walk_east_up.0,458.1441,1.0,-0.06981,1.0,-0.06981,Sidewalk
65.5,66.5797,3.7825,0.03491,1.0,0.06981,231.4204,5.9038,walk_east_up.0,457.1731,1.0,0.06981,1.0,0.06981,Sidewalk
66.0,67.0794,3.7999,0.03491,1.0,-0.0,230.9207,5.9022,walk_east_up.0,456.0836,1.0,-0.0,1.0,-0.0,Sidewalk
66.5,67.5794,3.7999,0.0,1.0,-0.06981,230.4207,5.8835,walk_east_up.0,455.1409,1.0,-0.06981,1.0,-0.06981,Sidewalk
67.0,68.0791,3.7825,-0.03491,1.0,-0.06981,229.921,5.9295,walk_east_up.0,454.1705,1.0,-0.06981,1.0,-0.06981,Sidewalk
67.5,68.5791,3.7825,0.0,1.0,0.06981,229.421,5.9205,walk_east_up.0,453.1427,1.0,0.06981,1.0,0.06981,Sidewalk
68.0,69.0791,3.7825,0.0,1.0,-0.0,228.921,5.9498,walk_east_up.0,452.0768,1.0,-0.0,1.0,-0.0,Sidewalk
68.5,69.5788,3.7999,0.03491,1.0,0.06981,228.4213,6.0193,walk_east_up.0,451.1644,1.0,0.06981,1.0,0.06981,Sidewalk
69.0,70.0785,3.8174,0.03491,1.0,-0.0,227.9216,6.0107,walk_east_up.0,450.0756,1.0,-0.0,1.0,-0.0,Sidewalk
69.5,70.5785,3.8174,0.0,1.0,-0.06981,227.4216,5.8841,walk_east_dn.1,449.1307,1.0,-0.06981,1.0,-0.06981,Sidewalk
70.0,71.0782,3.7999,-0.03491,1.0,-0.06981,226.9219,5.7799,walk_east_dn.1,448.1642,1.0,-0.06981,1.0,-0.06981,Sidewalk
70.5,71.5782,3.7999,0.0,1.0,0.06981,226.4219,5.5363,walk_east_dn.1,447.1298,1.0,0.06981,1.0,0.06981,Sidewalk
71.0,72.0782,3.7999,0.0,1.0,-0.0,225.9219,5.3829,walk_east_dn.1,446.0669,1.0,-0.0,1.0,-0.0,Sidewalk
71.5,72.5779,3.8174,0.03491,1.0,0.06981,225.4222,5.2798,walk_east_dn.1,445.1634,1.0,0.06981,1.0,0.06981,Sidewalk
72.0,73.0776,3.8348,0.03491,1.0,-0.0,224.9225,5.12,walk_east_dn.1,444.0728,1.0,-0.0,1.0,-0.0,Sidewalk
72.5,73.5776,3.8348,0.0,1.0,-0.06981,224.4225,4.998,walk_east_dn.1,443.1257,1.0,-0.06981,1.0,-0.06981,Sidewalk
73.0,74.0773,3.8523,0.03491,1.0,0.06981,223.9228,4.785,walk_east_dn.1,442.155,1.0,0.06981,1.0,0.06981,Sidewalk
73.5,74.577,3.8697,0.03491,1.0,-0.0,223.4231,4.6711,walk_east_dn.1,441.0618,1.0,-0.0,1.0,-0.0,Sidewalk
74.0,75.077,3.8697,0.0,1.0,-0.06981,222.9231,4.4676,walk_east_dn.1,440.1183,1.0,-0.06981,1.0,-0.06981,Sidewalk
74.5,75.5767,3.8523,-0.03491,1.0,-0.06981,222.4234,4.258,walk_east_dn.1,439.149,1.0,-0.06981,1.0,-0.06981,Sidewalk
75.0,76.0767,3.8523,0.0,1.0,0.06981,221.9234,4.0986,walk_east_dn.1,438.1165,1.0,0.06981,1.0,0.06981,Sidewalk
75.5,76.5767,3.8523,0.0,1.0,-0.0,221.4234,3.9835,walk_east_dn.1,437.0556,1.0,-0.0,1.0,-0.0,Sidewalk
76.0,77.0763,3.8697,0.03491,1.0,0.06981,220.9237,3.8541,walk_east_dn.1,436.1455,1.0,0.06981,1.0,0.06981,Sidewalk
76.5,77.576,3.8872,0.03491,1.0,-0.0,220.424,3.6382,walk_east_dn.1,435.051,1.0,-0.0,1.0,-0.0,Sidewalk
77.0,78.076,3.8872,0.0,1.0,-0.06981,219.924,3.5212,walk_east_dn.1,434.1116,1.0,-0.06981,1.0,-0.06981,Sidewalk
77.5,78.5757,3.9046,0.03491,1.0,0.06981,219.4243,3.3234,walk_east_dn.1,433.1485,1.0,0.06981,1.0,0.06981,Sidewalk
78.0,79.0754,3.9221,0.03491,1.0,-0.0,218.9246,3.1038,walk_east_dn.1,432.0749,1.0,-0.0,1.0,-0.0,Sidewalk
78.5,79.5754,3.9221,0.0,1.0,-0.06981,218.4246,2.9335,walk_east_dn.1,431.1553,1.0,-0.06981,1.0,-0.06981,Sidewalk
79.0,80.0751,3.9395,0.03491,1.0,0.06981,217.9249,2.7007,walk_east_dn.1,430.2064,1.0,0.06981,1.0,0.06981,Sidewalk
79.5,80.5748,3.957,0.03491,1.0,-0.0,217.4252,2.5122,walk_east_dn.1,429.1382,1.0,-0.0,1.0,-0.0,Sidewalk
80.0,81.0748,3.957,0.0,1.0,-0.06981,216.9252,2.3237,walk_east_dn.1,428.2298,1.0,-0.06981,1.0,-0.06981,Sidewalk
80.5,81.5745,3.9744,0.03491,1.0,0.06981,216.4255,2.2343,walk_east_dn.1,427.2753,1.0,0.06981,1.0,0.06981,Sidewalk
81.0,82.0742,3.9919,0.03491,1.0,-0.0,215.9258,2.022,walk_east_dn.1,426.2256,1.0,-0.0,1.0,-0.0,Sidewalk
81.5,82.5742,3.9919,0.0,1.0,-0.06981,215.4258,1.8431,walk_east_dn.1,425.3334,1.0,-0.06981,1.0,-0.06981,Sidewalk
82.0,83.0739,4.0093,0.03491,1.0,0.06981,214.9261,1.7115,walk_east_dn.1,424.4086,1.0,0.06981,1.0,0.06981,Sidewalk
82.5,83.5736,4.0268,0.03491,1.0,-0.0,214.4264,1.58,walk_east_dn.1,423.3659,1.0,-0.0,1.0,-0.0,Sidewalk
83.0,84.0736,4.0268,0.0,1.0,-0.06981,213.9264,1.439,walk_east_dn.1,422.4951,1.0,-0.06981,1.0,-0.06981,Sidewalk
83.5,84.5733,4.0442,0.03491,1.0,0.06981,213.4267,1.2541,walk_east_dn.1,421.6568,1.0,0.06981,1.0,0.06981,Sidewalk
84.0,85.073,4.0617,0.03491,1.0,-0.0,212.927,1.1707,walk_east_dn.1,420.638,1.0,-0.0,1.0,-0.0,Sidewalk
84.5,85.573,4.0617,0.0,1.0,-0.06981,212.427,1.0787,walk_east_dn.1,419.802,1.0,-0.06981,1.0,-0.06981,Sidewalk
85.0,86.0727,4.0791,0.03491,1.0,0.06981,211.9273,0.9686,walk_east_dn.1,419.013,1.0,0.06981,1.0,0.06981,Sidewalk
85.5,86.5724,4.0966,0.03491,1.0,-0.0,211.4276,0.8724,walk_east_dn.1,418.132,1.0,-0.0,1.0,-0.0,Sidewalk
86.0,87.0712,4.1314,0.06981,1.0,0.06981,210.9289,0.8118,walk_east_dn.1,417.4647,1.0,0.06981,1.0,0.06981,Sidewalk
86.5,87.57,4.1663,0.06981,1.0,-0.0,210.4301,0.8214,walk_east_dn.1,416.3085,1.0,-0.0,1.0,-0.0,Sidewalk
87.0,88.0696,4.1838,0.03491,1.0,-0.06981,209.9304,0.8436,walk_east_dn.1,415.2543,1.0,-0.06981,1.0,-0.06981,Sidewalk
87.5,88.5684,4.2186,0.06981,1.0,0.06981,209.4317,0.9105,walk_east_dn.1,414.1979,1.0,0.06981,1.0,0.06981,Sidewalk
88.0,89.0672,4.2535,0.06981,1.0,-0.0,208.9329,1.026,walk_east_dn.1,413.0008,1.0,-0.0,1.0,-0.0,Sidewalk
88.5,89.5669,4.271,0.03491,1.0,-0.06981,208.4333,1.1733,walk_east_dn.1,412.0004,1.0,-0.06981,1.0,-0.06981,Sidewalk
89.0,90.0657,4.3058,0.06981,1.0,0.06981,207.9345,1.3161,walk_east_dn.1,410.913,1.0,0.06981,1.0,0.06981,Sidewalk
89.5,90.5645,4.3407,0.06981,1.0,-0.0,207.4358,1.4964,walk_east_dn.1,409.8042,1.0,-0.0,1.0,-0.0,Sidewalk
90.0,91.0642,4.3582,0.03491,1.0,-0.06981,206.9361,1.6242,walk_east_dn.1,408.9414,1.0,-0.06981,1.0,-0.06981,Sidewalk
90.5,91.5629,4.3931,0.06981,1.0,0.06981,206.4374,1.8308,walk_east_dn.1,407.7582,1.0,0.06981,1.0,0.06981,Sidewalk
91.0,92.0617,4.4279,0.06981,1.0,-0.0,205.9387,2.0002,walk_east_dn.1,406.676,1.0,-0.0,1.0,-0.0,Sidewalk
91.5,92.5614,4.4454,0.03491,1.0,-0.06981,205.4391,2.1083,walk_east_dn.1,405.9081,1.0,-0.06981,1.0,-0.06981,Sidewalk
92.0,93.0614,4.4454,0.0,1.0,-0.06981,204.9391,inf,,403.9512,1.0,-0.06981,1.0,-0.06981,Sidewalk
92.5,93.5611,4.4279,-0.03491,1.0,-0.06981,204.4393,inf,,402.9775,1.0,-0.06981,1.0,-0.06981,Sidewalk
93.0,94.0611,4.4279,0.0,1.0,0.06981,203.9393,inf,,401.9823,1.0,0.06981,1.0,0.06981,Sidewalk
93.5,94.5611,4.4279,0.0,1.0,-0.0,203.4393,inf,,400.9006,1.0,-0.0,1.0,-0.0,Sidewalk
94.0,95.0608,4.4105,-0.03491,1.0,-0.06981,202.9396,inf,,399.9772,1.0,-0.06981,1.0,-0.06981,Sidewalk
94.5,95.5608,4.4105,0.0,1.0,0.06981,202.4396,inf,,398.9804,1.0,0.06981,1.0,0.06981,Sidewalk
95.0,96.0608,4.4105,0.0,1.0,-0.0,201.9396,inf,,397.8994,1.0,-0.0,1.0,-0.0,Sidewalk
95.5,96.5605,4.393,-0.03491,1.0,-0.06981,201.4399,inf,,396.9769,1.0,-0.06981,1.0,-0.06981,Sidewalk
96.0,97.0605,4.393,0.0,1.0,0.06981,200.9399,inf,,395.9786,1.0,0.06981,1.0,0.06981,Sidewalk
96.5,97.5605,4.393,0.0,1.0,-0.0,200.4399,inf,,394.8983,1.0,-0.0,1.0,-0.0,Sidewalk
97.0,98.0602,4.3756,-0.03491,1.0,-0.06981,199.9401,inf,,393.9767,1.0,-0.06981,1.0,-0.06981,Sidewalk
97.5,98.5602,4.3756,0.0,1.0,0.06981,199.4401,inf,,392.977,1.0,0.06981,1.0,0.06981,Sidewalk
98.0,99.0602,4.3756,0.0,1.0,-0.0,198.9401,inf,,391.8972,1.0,-0.0,1.0,-0.0,Sidewalk
98.5,99.5599,4.3581,-0.03491,1.0,-0.06981,198.4404,inf,,390.9766,1.0,-0.06981,1.0,-0.06981,Sidewalk
99.0,100.0599,4.3581,0.0,1.0,0.06981,197.9404,inf,,389.9753,1.0,0.06981,1.0,0.06981,Sidewalk
99.5,100.5599,4.3581,0.0,1.0,-0.0,197.4404,inf,,388.8962,1.0,-0.0,1.0,-0.0,Sidewalk
100.0,101.0596,4.3407,-0.03491,1.0,-0.06981,196.9407,inf,,387.9766,1.0,-0.06981,1.0,-0.06981,Sidewalk
100.5,101.5596,4.3407,0.0,1.0,0.06981,196.4407,inf,,386.9738,1.0,0.06981,1.0,0.06981,Sidewalk
101.0,102.0596,4.3407,0.0,1.0,-0.0,195.9407,inf,,385.8953,1.0,-0.0,1.0,-0.0,Sidewalk
101.5,102.5593,4.3232,-0.03491,1.0,-0.06981,195.441,inf,,384.9766,1.0,-0.06981,1.0,-0.06981,Sidewalk
102.0,103.0593,4.3232,0.0,1.0,0.06981,194.941,inf,,383.9723,1.0,0.06981,1.0,0.06981,Sidewalk
102.5,103.5593,4.3232,0.0,1.0,-0.0,194.441,inf,,382.8945,1.0,-0.0,1.0,-0.0,Sidewalk
103.0,104.059,4.3058,-0.03491,1.0,-0.06981,193.9413,inf,,381.9768,1.0,-0.06981,1.0,-0.06981,Sidewalk
103.5,104.559,4.3058,0.0,1.0,0.06981,193.4413,inf,,380.9709,1.0,0.06981,1.0,0.06981,Sidewalk
104.0,105.059,4.3058,0.0,1.0,-0.0,192.9413,inf,,379.8937,1.0,-0.0,1.0,-0.0,Sidewalk
104.5,105.5587,4.2883,-0.03491,1.0,-0.06981,192.4415,inf,,378.977,1.0,-0.06981,1.0,-0.06981,Sidewalk
105.0,106.0587,4.2883,0.0,1.0,0.06981,191.9415,inf,,377.9696,1.0,0.06981,1.0,0.06981,Sidewalk
105.5,106.5587,4.2883,0.0,1.0,-0.0,191.4415,10.2329,walk_south.1,376.9541,1.0,-0.0,1.0,-0.0,Sidewalk
106.0,107.0584,4.2709,-0.03491,1.0,-0.06981,190.9418,10.1509,walk_south.1,376.0388,1.0,-0.06981,1.0,-0.06981,Sidewalk
106.5,107.5584,4.2709,0.0,1.0,0.06981,190.4418,10.0985,walk_south.1,375.0302,1.0,0.06981,1.0,0.06981,Sidewalk
107.0,108.0584,4.2709,0.0,1.0,-0.0,189.9418,10.0548,walk_south.1,373.9546,1.0,-0.0,1.0,-0.0,Sidewalk
107.5,108.5581,4.2534,-0.03491,1.0,-0.06981,189.4421,9.9874,walk_south.1,373.0402,1.0,-0.06981,1.0,-0.06981,Sidewalk
108.0,109.0581,4.2534,0.0,1.0,0.06981,188.9421,9.9667,walk_south.1,372.0299,1.0,0.06981,1.0,0.06981,Sidewalk
108.5,109.5581,4.2534,0.0,1.0,-0.0,188.4421,9.9562,walk_south.1,370.9547,1.0,-0.0,1.0,-0.0,Sidewalk
109.0,110.0578,4.236,-0.03491,1.0,-0.06981,187.9424,9.9066,walk_south.1,370.0411,1.0,-0.06981,1.0,-0.06981,Sidewalk
109.5,110.5578,4.236,0.0,1.0,0.06981,187.4424,9.871,walk_south.1,369.0294,1.0,0.06981,1.0,0.06981,Sidewalk
110.0,111.0578,4.236,0.0,1.0,-0.0,186.9424,9.8185,walk_south.1,367.9552,1.0,-0.0,1.0,-0.0,Sidewalk
110.5,111.5575,4.2185,-0.03491,1.0,-0.06981,186.4427,9.7496,walk_south.1,367.0427,1.0,-0.06981,1.0,-0.06981,Sidewalk
111.0,112.0575,4.2185,0.0,1.0,0.06981,185.9427,9.7182,walk_south.1,366.0294,1.0,0.06981,1.0,0.06981,Sidewalk
111.5,112.5575,4.2185,0.0,1.0,-0.0,185.4427,9.6918,walk_south.1,364.9556,1.0,-0.0,1.0,-0.0,Sidewalk
112.0,113.0572,4.2011,-0.03491,1.0,-0.06981,184.9429,9.6492,walk_south.1,364.044,1.0,-0.06981,1.0,-0.06981,Sidewalk
112.5,113.5572,4.2011,0.0,1.0,0.06981,184.4429,9.6022,walk_south.1,363.0293,1.0,0.06981,1.0,0.06981,Sidewalk
113.0,114.0572,4.2011,0.0,1.0,-0.0,183.9429,9.5583,walk_south.1,361.9563,1.0,-0.0,1.0,-0.0,Sidewalk
113.5,114.5569,4.1836,-0.03491,1.0,-0.06981,183.4432,9.5323,walk_south.1,361.0455,1.0,-0.06981,1.0,-0.06981,Sidewalk
114.0,115.0569,4.1836,0.0,1.0,0.06981,182.9432,9.4937,walk_south.1,360.0292,1.0,0.06981,1.0,0.06981,Sidewalk
114.5,115.5569,4.1836,0.0,1.0,-0.0,182.4432,9.4645,walk_south.1,358.9567,1.0,-0.0,1.0,-0.0,Sidewalk
115.0,116.0566,4.1662,-0.03491,1.0,-0.06981,181.9435,9.4293,walk_south.1,358.0469,1.0,-0.06981,1.0,-0.06981,Sidewalk
115.5,116.5566,4.1662,0.0,1.0,0.06981,181.4435,9.3981,walk_south.1,357.0291,1.0,0.06981,1.0,0.06981,Sidewalk
116.0,117.0566,4.1662,0.0,1.0,-0.0,180.9435,9.3878,walk_south.1,355.9571,1.0,-0.0,1.0,-0.0,Sidewalk
116.5,117.5562,4.1487,-0.03491,1.0,-0.06981,180.4438,9.3224,walk_south.1,355.0486,1.0,-0.06981,1.0,-0.06981,Sidewalk
117.0,118.0562,4.1487,0.0,1.0,0.06981,179.9438,9.303,walk_south.1,354.0291,1.0,0.06981,1.0,0.06981,Sidewalk
117.5,118.5562,4.1487,0.0,1.0,-0.0,179.4438,9.2624,walk_south.1,352.958,1.0,-0.0,1.0,-0.0,Sidewalk
118.0,119.0559,4.1313,-0.03491,1.0,-0.06981,178.9441,9.2035,walk_south.1,352.0504,1.0,-0.06981,1.0,-0.06981,Sidewalk
118.5,119.5559,4.1313,0.0,1.0,0.06981,178.4441,9.1811,walk_south.1,351.0294,1.0,0.06981,1.0,0.06981,Sidewalk
119.0,120.0559,4.1313,0.0,1.0,-0.0,177.9441,9.1374,walk_south.1,349.959,1.0,-0.0,1.0,-0.0,Sidewalk
119.5,120.5556,4.1138,-0.03491,1.0,-0.06981,177.4444,9.0988,walk_south.1,349.0522,1.0,-0.06981,1.0,-0.06981,Sidewalk
120.0,121.0556,4.1138,0.0,1.0,0.06981,176.9444,9.0683,walk_south.1,348.0297,1.0,0.06981,1.0,0.06981,Sidewalk
120.5,121.5556,4.1138,0.0,1.0,-0.0,176.4444,9.059,walk_south.1,346.9596,1.0,-0.0,1.0,-0.0,Sidewalk
121.0,122.0553,4.0964,-0.03491,1.0,-0.06981,175.9447,9.0116,walk_south.1,346.0539,1.0,-0.06981,1.0,-0.06981,Sidewalk
121.5,122.5553,4.0964,0.0,1.0,0.06981,175.4447,8.9951,walk_south.1,345.0298,1.0,0.06981,1.0,0.06981,Sidewalk
122.0,123.0553,4.0964,0.0,1.0,-0.0,174.9447,8.9657,walk_south.1,343.9606,1.0,-0.0,1.0,-0.0,Sidewalk
122.5,123.555,4.0789,-0.03491,1.0,-0.06981,174.445,8.9416,walk_south.1,343.0556,1.0,-0.06981,1.0,-0.06981,Sidewalk
123.0,124.055,4.0789,0.0,1.0,0.06981,173.945,8.9165,walk_south.1,342.03,1.0,0.06981,1.0,0.06981,Sidewalk
123.5,124.555,4.0789,0.0,1.0,-0.0,173.445,8.898,walk_south.1,340.9613,1.0,-0.0,1.0,-0.0,Sidewalk
124.0,125.0547,4.0615,-0.03491,1.0,-0.06981,172.9453,8.8749,walk_south.1,340.0574,1.0,-0.06981,1.0,-0.06981,Sidewalk
124.5,125.5547,4.0615,0.0,1.0,0.06981,172.4453,8.8674,walk_south.1,339.0301,1.0,0.06981,1.0,0.06981,Sidewalk
125.0,126.0547,4.0615,0.0,1.0,-0.0,171.9453,8.8387,walk_south.1,337.9621,1.0,-0.0,1.0,-0.0,Sidewalk
125.5,126.5544,4.044,-0.03491,1.0,-0.06981,171.4456,8.8139,walk_south.1,337.0592,1.0,-0.06981,1.0,-0.06981,Sidewalk
126.0,127.0544,4.044,0.0,1.0,0.06981,170.9456,8.7901,walk_south.1,336.0305,1.0,0.06981,1.0,0.06981,Sidewalk
126.5,127.5544,4.044,0.0,1.0,-0.0,170.4456,8.7865,walk_south.1,334.963,1.0,-0.0,1.0,-0.0,Sidewalk
127.0,128.0541,4.0266,-0.03491,1.0,-0.06981,169.9459,8.7606,walk_south.1,334.061,1.0,-0.06981,1.0,-0.06981,Sidewalk
127.5,128.5541,4.0266,0.0,1.0,0.06981,169.4459,8.7514,walk_south.1,333.0306,1.0,0.06981,1.0,0.06981,Sidewalk
128.0,129.0541,4.0266,0.0,1.0,-0.0,168.9459,8.7418,walk_south.1,331.9902,1.0,-0.0,1.0,-0.0,Sidewalk
128.5,129.5538,4.0091,-0.03491,1.0,-0.06981,168.4462,8.7134,walk_south.1,331.0976,1.0,-0.06981,1.0,-0.06981,Sidewalk
129.0,130.0538,4.0091,0.0,1.0,0.06981,167.9462,8.4922,stand_0,330.0743,1.0,0.06981,1.0,0.06981,Sidewalk
129.5,130.5538,4.0091,0.0,1.0,-0.0,167.4462,7.9938,stand_0,329.0225,1.0,-0.0,1.0,-0.0,Sidewalk
130.0,131.0535,4.0266,0.03491,1.0,0.06981,166.9465,7.4975,stand_0,328.1343,1.0,0.06981,1.0,0.06981,Sidewalk
130.5,131.5532,4.044,0.03491,1.0,-0.0,166.4468,7.0018,stand_0,327.0631,1.0,-0.0,1.0,-0.0,Sidewalk
131.0,132.0532,4.044,0.0,1.0,-0.06981,165.9468,6.5045,stand_0,326.151,1.0,-0.06981,1.0,-0.06981,Sidewalk
131.5,132.5529,4.0615,0.03491,1.0,0.06981,165.4471,6.01,stand_0,325.2083,1.0,0.06981,1.0,0.06981,Sidewalk
132.0,133.0526,4.0789,0.03491,1.0,-0.0,164.9474,5.5165,stand_0,324.1727,1.0,-0.0,1.0,-0.0,Sidewalk
132.5,133.5526,4.0789,0.0,1.0,-0.06981,164.4474,5.0213,stand_0,323.3269,1.0,-0.06981,1.0,-0.06981,Sidewalk
133.0,134.0523,4.0964,0.03491,1.0,0.06981,163.9477,4.5305,stand_0,322.3897,1.0,0.06981,1.0,0.06981,Sidewalk
133.5,134.552,4.1138,0.03491,1.0,-0.0,163.4481,4.0418,stand_0,321.5663,1.0,-0.0,1.0,-0.0,Sidewalk
134.0,135.0508,4.1487,0.06981,1.0,0.06981,162.9493,3.5611,stand_0,320.6097,1.0,0.06981,1.0,0.06981,Sidewalk
134.5,135.5495,4.1836,0.06981,1.0,-0.0,162.4506,3.0866,stand_0,319.8528,1.0,-0.0,1.0,-0.0,Sidewalk
135.0,136.0468,4.2359,0.10472,1.0,0.06981,161.9534,2.6287,stand_0,318.7391,1.0,0.06981,1.0,0.06981,Sidewalk
135.5,136.5441,4.2881,0.10472,1.0,-0.0,161.4562,2.1895,stand_0,317.7697,1.0,-0.0,1.0,-0.0,Sidewalk
136.0,137.0429,4.323,0.06981,1.0,-0.06981,160.9575,1.7716,stand_0,316.9869,1.0,-0.06981,1.0,-0.06981,Sidewalk
136.5,137.5425,4.3405,0.03491,1.0,-0.06981,160.4578,1.3951,stand_0,316.0003,1.0,-0.06981,1.0,-0.06981,Sidewalk
137.0,138.0413,4.3753,0.06981,1.0,0.06981,159.9591,1.1361,stand_0,314.9785,1.0,0.06981,1.0,0.06981,Sidewalk
137.5,138.5401,4.4102,0.06981,1.0,-0.0,159.4604,1.0654,stand_0,313.871,1.0,-0.0,1.0,-0.0,Sidewalk
138.0,139.0398,4.4277,0.03491,1.0,-0.06981,158.9608,1.201,stand_0,312.7236,1.0,-0.06981,1.0,-0.06981,Sidewalk
138.5,139.5398,4.4277,0.0,1.0,-0.06981,158.4608,1.4873,stand_0,311.545,1.0,-0.06981,1.0,-0.06981,Sidewalk
139.0,140.0395,4.4102,-0.03491,1.0,-0.06981,157.961,1.8557,stand_0,310.432,1.0,-0.06981,1.0,-0.06981,Sidewalk
139.5,140.5395,4.4102,0.0,1.0,0.06981,157.461,2.2832,stand_0,309.3425,1.0,0.06981,1.0,0.06981,Sidewalk
140.0,141.0395,4.4102,0.0,1.0,-0.0,156.961,2.7354,stand_0,308.1992,1.0,-0.0,1.0,-0.0,Sidewalk
140.5,141.5392,4.3928,-0.03491,1.0,-0.06981,156.4613,3.1958,stand_0,307.2341,1.0,-0.06981,1.0,-0.06981,Sidewalk
141.0,142.0392,4.3928,0.0,1.0,0.06981,155.9613,3.6719,stand_0,306.2055,1.0,0.06981,1.0,0.06981,Sidewalk
141.5,142.5392,4.3928,0.0,1.0,-0.0,155.4613,4.1535,stand_0,305.101,1.0,-0.0,1.0,-0.0,Sidewalk
142.0,143.0389,4.3753,-0.03491,1.0,-0.06981,154.9616,4.6349,stand_0,304.1675,1.0,-0.06981,1.0,-0.06981,Sidewalk
142.5,143.5389,4.3753,0.0,1.0,0.06981,154.4616,5.1236,stand_0,303.1808,1.0,0.06981,1.0,0.06981,Sidewalk
143.0,144.0389,4.3753,0.0,1.0,-0.0,153.9616,5.6142,stand_0,302.1321,1.0,-0.0,1.0,-0.0,Sidewalk
143.5,144.5386,4.3579,-0.03491,1.0,-0.06981,153.4618,5.9581,stand_2,301.2533,1.0,-0.06981,1.0,-0.06981,Sidewalk
144.0,145.0386,4.3579,0.0,1.0,0.06981,152.9618,5.4661,stand_2,300.2723,1.0,0.06981,1.0,0.06981,Sidewalk
144.5,145.5386,4.3579,0.0,1.0,-0.0,152.4618,4.9756,stand_2,299.2863,1.0,-0.0,1.0,-0.0,Sidewalk
145.0,146.0383,4.3753,0.03491,1.0,0.06981,151.9622,4.4915,stand_2,298.4211,1.0,0.06981,1.0,0.06981,Sidewalk
145.5,146.538,4.3928,0.03491,1.0,-0.0,151.4625,4.0113,stand_2,297.5267,1.0,-0.0,1.0,-0.0,Sidewalk
146.0,147.0168,4.4262,0.06981,0.96,0.06981,150.9838,3.5613,stand_2,296.8667,0.96,0.06981,0.96,0.06981,Sidewalk
146.5,147.5156,4.4611,0.06981,1.0,-0.0,150.4851,3.1021,stand_2,295.6713,1.0,-0.0,1.0,-0.0,Sidewalk
147.0,148.0153,4.4786,0.03491,1.0,-0.06981,149.9855,2.6495,stand_2,295.0917,1.0,-0.06981,1.0,-0.06981,Sidewalk
147.5,148.5153,4.4786,0.0,1.0,-0.06981,149.4855,2.2079,stand_2,294.1096,1.0,-0.06981,1.0,-0.06981,Sidewalk
148.0,149.015,4.496,0.03491,1.0,0.06981,148.9858,1.8086,stand_2,292.7921,1.0,0.06981,1.0,0.06981,Sidewalk
148.5,149.5147,4.5135,0.03491,1.0,-0.0,148.4862,1.472,stand_2,291.7582,1.0,-0.0,1.0,-0.0,Sidewalk
149.0,150.0147,4.5135,0.0,1.0,-0.06981,147.9862,1.2335,stand_2,290.8443,1.0,-0.06981,1.0,-0.06981,Sidewalk
149.5,150.5144,4.496,-0.03491,1.0,-0.06981,147.4865,1.1557,stand_2,289.8694,1.0,-0.06981,1.0,-0.06981,Sidewalk
150.0,151.0144,4.496,0.0,1.0,0.06981,146.9865,1.3,stand_2,288.7542,1.0,0.06981,1.0,0.06981,Sidewalk
150.5,151.5144,4.496,0.0,1.0,-0.0,146.4865,1.5951,stand_2,287.5045,1.0,-0.0,1.0,-0.0,Sidewalk
151.0,152.0141,4.4786,-0.03491,1.0,-0.06981,145.9867,1.9642,stand_2,286.4584,1.0,-0.06981,1.0,-0.06981,Sidewalk
151.5,152.5141,4.4786,0.0,1.0,0.06981,145.4867,2.39,stand_2,285.3869,1.0,0.06981,1.0,0.06981,Sidewalk
152.0,153.0141,4.4786,0.0,1.0,-0.0,144.9867,2.8401,stand_2,284.2469,1.0,-0.0,1.0,-0.0,Sidewalk
152.5,153.5138,4.4611,-0.03491,1.0,-0.06981,144.487,3.2983,stand_2,283.2812,1.0,-0.06981,1.0,-0.06981,Sidewalk
153.0,154.0138,4.4611,0.0,1.0,0.06981,143.987,3.7726,stand_2,282.2612,1.0,0.06981,1.0,0.06981,Sidewalk
153.5,154.5138,4.4611,0.0,1.0,-0.0,143.487,4.2528,stand_2,281.1552,1.0,-0.0,1.0,-0.0,Sidewalk
154.0,155.0135,4.4437,-0.03491,1.0,-0.06981,142.9872,4.7327,stand_2,280.2122,1.0,-0.06981,1.0,-0.06981,Sidewalk
154.5,155.5135,4.4437,0.0,1.0,0.06981,142.4872,5.2204,stand_2,279.2058,1.0,0.06981,1.0,0.06981,Sidewalk
155.0,156.0135,4.4437,0.0,1.0,-0.0,141.9872,5.7102,stand_2,278.1111,1.0,-0.0,1.0,-0.0,Sidewalk
155.5,156.5132,4.4262,-0.03491,1.0,-0.06981,141.4875,6.1982,stand_2,277.1768,1.0,-0.06981,1.0,-0.06981,Sidewalk
156.0,157.0132,4.4262,0.0,1.0,0.06981,140.9875,6.6911,stand_2,276.1747,1.0,0.06981,1.0,0.06981,Sidewalk
156.5,157.5132,4.4262,0.0,1.0,-0.0,140.4875,7.185,stand_2,275.0852,1.0,-0.0,1.0,-0.0,Sidewalk
157.0,158.0128,4.4088,-0.03491,1.0,-0.06981,139.9877,7.6769,stand_2,274.1555,1.0,-0.06981,1.0,-0.06981,Sidewalk
157.5,158.5128,4.4088,0.0,1.0,0.06981,139.4878,8.1724,stand_2,273.1547,1.0,0.06981,1.0,0.06981,Sidewalk
158.0,159.0128,4.4088,0.0,1.0,-0.0,138.9878,8.6684,stand_2,272.0681,1.0,-0.0,1.0,-0.0,Sidewalk
158.5,159.5125,4.3913,-0.03491,1.0,-0.06981,138.488,9.1625,stand_2,271.1466,1.0,-0.06981,1.0,-0.06981,Sidewalk
159.0,160.0125,4.3913,0.0,1.0,0.06981,137.988,9.1652,stand_1,270.1786,1.0,0.06981,1.0,0.06981,Sidewalk
159.5,160.5125,4.3913,0.0,1.0,-0.0,137.488,8.6656,stand_1,269.1083,1.0,-0.0,1.0,-0.0,Sidewalk
160.0,161.0122,4.3739,-0.03491,1.0,-0.06981,136.9883,8.1656,stand_1,268.1976,1.0,-0.06981,1.0,-0.06981,Sidewalk
160.5,161.5122,4.3739,0.0,1.0,0.06981,136.4883,7.6662,stand_1,267.2122,1.0,0.06981,1.0,0.06981,Sidewalk
161.0,162.0122,4.3739,0.0,1.0,-0.0,135.9883,7.1668,stand_1,266.1524,1.0,-0.0,1.0,-0.0,Sidewalk
161.5,162.5119,4.3564,-0.03491,1.0,-0.06981,135.4885,6.6668,stand_1,265.2542,1.0,-0.06981,1.0,-0.06981,Sidewalk
162.0,163.0119,4.3564,0.0,1.0,0.06981,134.9885,6.1675,stand_1,264.2819,1.0,0.06981,1.0,0.06981,Sidewalk
162.5,163.5119,4.3564,0.0,1.0,-0.0,134.4885,5.6684,stand_1,263.2555,1.0,-0.0,1.0,-0.0,Sidewalk
163.0,164.0116,4.339,-0.03491,1.0,-0.06981,133.9888,5.1685,stand_1,262.4049,1.0,-0.06981,1.0,-0.06981,Sidewalk
163.5,164.5116,4.339,0.0,1.0,0.06981,133.4888,4.6696,stand_1,261.4929,1.0,0.06981,1.0,0.06981,Sidewalk
164.0,165.0116,4.339,0.0,1.0,-0.0,132.9888,4.171,stand_1,260.7388,1.0,-0.0,1.0,-0.0,Sidewalk
164.5,165.5113,4.3564,0.03491,1.0,0.06981,132.4892,3.6746,stand_1,260.0057,1.0,0.06981,1.0,0.06981,Sidewalk
165.0,165.9211,4.3707,0.03491,0.82,-0.0,132.0794,3.2683,stand_1,260.5582,0.82,-0.0,0.82,-0.0,Sidewalk
165.5,166.4199,4.4056,0.06981,1.0,0.06981,131.5808,2.7777,stand_1,258.6145,1.0,0.06981,1.0,0.06981,Sidewalk
166.0,166.9186,4.4405,0.06981,1.0,-0.0,131.0821,2.2912,stand_1,258.9394,1.0,-0.0,1.0,-0.0,Sidewalk
166.5,167.2866,4.4792,0.10472,0.74,0.06981,130.7143,1.9397,stand_1,258.6672,0.74,0.06981,0.74,0.06981,Sidewalk
167.0,167.7839,4.5314,0.10472,1.0,-0.0,130.2172,1.4792,stand_1,256.6606,1.0,-0.0,1.0,-0.0,Sidewalk
167.5,168.2827,4.5663,0.06981,1.0,-0.06981,129.7186,1.0447,stand_1,256.8329,1.0,-0.06981,1.0,-0.06981,Sidewalk
168.0,168.7824,4.5838,0.03491,1.0,-0.06981,129.219,0.6883,stand_1,255.8439,1.0,-0.06981,1.0,-0.06981,Sidewalk
168.5,169.2824,4.5838,0.0,1.0,-0.06981,128.719,0.5797,stand_1,254.8603,1.0,-0.06981,1.0,-0.06981,Sidewalk
169.0,169.782,4.5663,-0.03491,1.0,-0.06981,128.2192,0.8237,stand_1,251.9619,1.0,-0.06981,1.0,-0.06981,Sidewalk
169.5,170.282,4.5663,0.0,1.0,0.06981,127.7192,1.2412,stand_1,250.2786,1.0,0.06981,1.0,0.06981,Sidewalk
170.0,170.782,4.5663,0.0,1.0,-0.0,127.2192,1.7037,stand_1,248.9372,1.0,-0.0,1.0,-0.0,Sidewalk
170.5,171.2817,4.5489,-0.03491,1.0,-0.06981,126.7194,2.1782,stand_1,247.8824,1.0,-0.06981,1.0,-0.06981,Sidewalk
171.0,171.7817,4.5489,0.0,1.0,0.06981,126.2195,2.6657,stand_1,246.8277,1.0,0.06981,1.0,0.06981,Sidewalk
171.5,172.2817,4.5489,0.0,1.0,-0.0,125.7195,3.1572,stand_1,245.6927,1.0,-0.0,1.0,-0.0,Sidewalk
172.0,172.7814,4.5314,-0.03491,1.0,-0.06981,125.2197,3.6482,stand_1,244.7288,1.0,-0.06981,1.0,-0.06981,Sidewalk
172.5,173.2814,4.5314,0.0,1.0,0.06981,124.7197,4.1437,stand_1,243.7207,1.0,0.06981,1.0,0.06981,Sidewalk
173.0,173.7814,4.5314,0.0,1.0,-0.0,124.2197,4.6403,stand_1,242.6148,1.0,-0.0,1.0,-0.0,Sidewalk
173.5,174.2811,4.514,-0.03491,1.0,-0.06981,123.7199,5.1354,stand_1,241.6811,1.0,-0.06981,1.0,-0.06981,Sidewalk
174.0,174.7811,4.514,0.0,1.0,0.06981,123.2199,5.6333,stand_1,240.716,1.0,0.06981,1.0,0.06981,Sidewalk
174.5,175.2811,4.514,0.0,1.0,-0.0,122.7199,6.1315,stand_1,239.655,1.0,-0.0,1.0,-0.0,Sidewalk
175.0,175.7808,4.4965,-0.03491,1.0,-0.06981,122.2202,6.1721,stand_4,238.751,1.0,-0.06981,1.0,-0.06981,Sidewalk
175.5,176.2808,4.4965,0.0,1.0,0.06981,121.7202,5.6723,stand_4,237.8164,1.0,0.06981,1.0,0.06981,Sidewalk
176.0,176.7808,4.4965,0.0,1.0,-0.0,121.2202,5.1726,stand_4,236.8076,1.0,-0.0,1.0,-0.0,Sidewalk
176.5,177.2805,4.4791,-0.03491,1.0,-0.06981,120.7204,4.674,stand_4,235.9587,1.0,-0.06981,1.0,-0.06981,Sidewalk
177.0,177.7793,4.4442,-0.06981,1.0,-0.06981,120.2215,4.1776,stand_4,235.1353,1.0,-0.06981,1.0,-0.06981,Sidewalk
177.5,178.2766,4.3919,-0.10472,1.0,-0.06981,119.7241,3.6851,stand_4,234.3502,1.0,-0.06981,1.0,-0.06981,Sidewalk
178.0,178.7717,4.3223,-0.13963,1.0,-0.06981,119.2287,3.1989,stand_4,233.463,1.0,-0.06981,1.0,-0.06981,Sidewalk
178.5,179.2641,4.2355,-0.17453,1.0,-0.06981,118.7361,2.7232,stand_4,232.5428,1.0,-0.06981,1.0,-0.06981,Sidewalk
179.0,179.7532,4.1315,-0.20944,1.0,-0.06981,118.2469,2.2655,stand_4,231.6432,1.0,-0.06981,1.0,-0.06981,Sidewalk
179.5,180.2456,4.0447,-0.17453,1.0,0.06981,117.7544,1.8207,stand_4,230.9462,1.0,0.06981,1.0,0.06981,Sidewalk
180.0,180.738,3.9579,-0.17453,1.0,-0.0,117.262,1.4134,stand_4,229.7668,1.0,-0.0,1.0,-0.0,Sidewalk
180.5,181.2331,3.8883,-0.13963,1.0,0.06981,116.7669,1.0717,stand_4,228.8134,1.0,0.06981,1.0,0.06981,Sidewalk
181.0,181.7283,3.8187,-0.13963,1.0,-0.0,116.2719,0.8942,stand_4,227.8397,1.0,-0.0,1.0,-0.0,Sidewalk
181.5,182.2255,3.7665,-0.10472,1.0,0.06981,115.7747,0.959,stand_4,226.6475,1.0,0.06981,1.0,0.06981,Sidewalk
182.0,182.7228,3.7142,-0.10472,1.0,-0.0,115.2776,1.2408,stand_4,225.3289,1.0,-0.0,1.0,-0.0,Sidewalk
182.5,183.2216,3.6793,-0.06981,1.0,0.06981,114.7789,1.6212,stand_4,224.0831,1.0,0.06981,1.0,0.06981,Sidewalk
183.0,183.7203,3.6444,-0.06981,1.0,-0.0,114.2802,2.0535,stand_4,222.9657,1.0,-0.0,1.0,-0.0,Sidewalk
183.5,184.22,3.627,-0.03491,1.0,0.06981,113.7806,2.5045,stand_4,221.895,1.0,0.06981,1.0,0.06981,Sidewalk
184.0,184.7197,3.6095,-0.03491,1.0,-0.0,113.2809,2.9712,stand_4,220.8577,1.0,-0.0,1.0,-0.0,Sidewalk
184.5,185.2197,3.6095,0.0,1.0,0.06981,112.7809,3.4421,stand_4,219.9801,1.0,0.06981,1.0,0.06981,Sidewalk
185.0,185.7197,3.6095,0.0,1.0,-0.0,112.2809,3.9201,stand_4,219.0637,1.0,-0.0,1.0,-0.0,Sidewalk
185.5,186.2194,3.5921,-0.03491,1.0,-0.06981,111.7813,4.1124,stand_3,218.2804,1.0,-0.06981,1.0,-0.06981,Sidewalk
186.0,186.6883,3.5593,-0.06981,0.94,-0.06981,111.3126,3.6503,stand_3,217.8625,0.94,-0.06981,0.94,-0.06981,Sidewalk
186.5,187.188,3.5768,0.03491,1.0,0.20944,110.8128,3.1526,stand_3,217.6522,1.0,0.20944,1.0,0.20944,Sidewalk
187.0,187.5524,3.641,0.17453,0.74,0.27925,110.4482,2.7829,stand_3,218.307,0.74,0.27925,0.74,0.27925,Sidewalk
187.5,187.9215,3.6668,0.06981,0.74,-0.20944,110.079,2.4138,stand_3,217.2028,0.74,-0.20944,0.74,-0.20944,Sidewalk
188.0,188.3154,3.7363,0.17453,0.8,0.20944,109.6849,2.014,stand_3,217.6403,0.8,0.20944,0.8,0.20944,Sidewalk
188.5,188.5952,3.746,0.03491,0.56,-0.27925,109.4051,1.7358,stand_3,217.412,0.56,-0.27925,0.56,-0.27925,Sidewalk
189.0,188.8745,3.7265,-0.06981,0.56,-0.20944,109.1258,1.4642,stand_3,217.2762,0.56,-0.20944,0.56,-0.20944,Sidewalk
189.5,189.0813,3.69,-0.17453,0.42,-0.20944,108.9191,1.2709,stand_3,217.5394,0.42,-0.20944,0.42,-0.20944,Sidewalk
190.0,189.3846,3.6256,-0.20944,0.62,-0.06981,108.6161,1.004,stand_3,216.5227,0.62,-0.06981,0.62,-0.06981,Sidewalk
190.5,189.8376,3.5457,-0.17453,0.92,0.06981,108.1634,0.6659,stand_3,215.41,0.92,0.06981,0.92,0.06981,Sidewalk
191.0,190.3348,3.4935,-0.10472,1.0,0.13963,107.6664,0.5221,stand_3,214.3751,1.0,0.13963,1.0,0.13963,Sidewalk
191.5,190.8336,3.4586,-0.06981,1.0,0.06981,107.1678,0.7641,stand_3,210.038,1.0,0.06981,1.0,0.06981,Sidewalk
192.0,191.3324,3.4237,-0.06981,1.0,-0.0,106.6692,1.1811,stand_3,208.1802,1.0,-0.0,1.0,-0.0,Sidewalk
192.5,191.8321,3.4062,-0.03491,1.0,0.06981,106.1696,1.6393,stand_3,206.8919,1.0,0.06981,1.0,0.06981,Sidewalk
193.0,192.3318,3.3888,-0.03491,1.0,-0.0,105.67,2.1165,stand_3,205.7476,1.0,-0.0,1.0,-0.0,Sidewalk
193.5,192.8318,3.3888,-0.0,1.0,0.06981,105.17,2.5984,stand_3,204.6994,1.0,0.06981,1.0,0.06981,Sidewalk
194.0,193.3318,3.3888,-0.0,1.0,-0.0,104.67,3.086,stand_3,203.6083,1.0,-0.0,1.0,-0.0,Sidewalk
194.5,193.8315,3.4062,0.03491,1.0,0.06981,104.1702,3.5737,stand_3,202.6387,1.0,0.06981,1.0,0.06981,Sidewalk
195.0,194.3312,3.4237,0.03491,1.0,-0.0,103.6704,4.0644,stand_3,201.5403,1.0,-0.0,1.0,-0.0,Sidewalk
195.5,194.8312,3.4237,-0.0,1.0,-0.06981,103.1704,4.5597,stand_3,200.6149,1.0,-0.06981,1.0,-0.06981,Sidewalk
196.0,195.3309,3.4411,0.03491,1.0,0.06981,102.6706,5.0536,stand_3,199.5765,1.0,0.06981,1.0,0.06981,Sidewalk
196.5,195.8306,3.4586,0.03491,1.0,-0.0,102.1709,5.5485,stand_3,198.4898,1.0,-0.0,1.0,-0.0,Sidewalk
197.0,196.3306,3.4586,-0.0,1.0,-0.06981,101.6709,6.0462,stand_3,197.5718,1.0,-0.06981,1.0,-0.06981,Sidewalk
197.5,196.8303,3.476,0.03491,1.0,0.06981,101.1711,6.5425,stand_3,196.5435,1.0,0.06981,1.0,0.06981,Sidewalk
198.0,197.33,3.4935,0.03491,1.0,-0.0,100.6713,7.0393,stand_3,195.4806,1.0,-0.0,1.0,-0.0,Sidewalk
198.5,197.83,3.4935,-0.0,1.0,-0.06981,100.1713,7.538,stand_3,194.5925,1.0,-0.06981,1.0,-0.06981,Sidewalk
199.0,198.3297,3.5109,0.03491,1.0,0.06981,99.6715,7.0237,walk_west_dn.5,193.6059,1.0,0.06981,1.0,0.06981,Sidewalk
199.5,198.8294,3.5284,0.03491,1.0,-0.0,99.1718,8.5332,stand_3,192.45,1.0,-0.0,1.0,-0.0,Sidewalk
200.0,199.3294,3.5284,-0.0,1.0,-0.06981,98.6718,8.6454,walk_south.3,191.5437,1.0,-0.06981,1.0,-0.06981,Sidewalk
200.5,199.829,3.5458,0.03491,1.0,0.06981,98.172,8.8006,walk_south.3,190.5533,1.0,0.06981,1.0,0.06981,Sidewalk
201.0,200.3287,3.5633,0.03491,1.0,-0.0,97.6722,7.7366,walk_west_mid.11,189.5035,1.0,-0.0,1.0,-0.0,Sidewalk
201.5,200.8287,3.5633,-0.0,1.0,-0.06981,97.1722,6.6571,walk_west_mid.11,188.6305,1.0,-0.06981,1.0,-0.06981,Sidewalk
202.0,201.3284,3.5807,0.03491,1.0,0.06981,96.6725,5.6197,walk_west_mid.11,187.7096,1.0,0.06981,1.0,0.06981,Sidewalk
202.5,201.8281,3.5982,0.03491,1.0,-0.0,96.1727,4.6116,walk_west_mid.11,186.853,1.0,-0.0,1.0,-0.0,Sidewalk
203.0,202.3281,3.5982,-0.0,1.0,-0.06981,95.6727,3.5228,walk_west_mid.11,186.5548,1.0,-0.06981,1.0,-0.06981,Sidewalk
203.5,202.8278,3.5807,-0.03491,1.0,-0.06981,95.1731,2.5144,walk_west_mid.11,186.0622,1.0,-0.06981,1.0,-0.06981,Sidewalk
204.0,203.3278,3.5807,-0.0,1.0,0.06981,94.6731,9.5745,walk_south.3,183.4913,1.0,0.06981,1.0,0.06981,Sidewalk
204.5,203.8278,3.5807,-0.0,1.0,-0.0,94.1731,9.6578,walk_south.3,182.445,1.0,-0.0,1.0,-0.0,Sidewalk
205.0,204.3275,3.5982,0.03491,1.0,0.06981,93.6733,inf,,181.4433,1.0,0.06981,1.0,0.06981,Sidewalk
205.5,204.8272,3.6156,0.03491,1.0,-0.0,93.1736,8.9237,walk_west_up.9,180.4718,1.0,-0.0,1.0,-0.0,Sidewalk
206.0,205.3272,3.6156,-0.0,1.0,-0.06981,92.6736,7.8178,walk_west_up.9,179.5784,1.0,-0.06981,1.0,-0.06981,Sidewalk
206.5,205.8269,3.6331,0.03491,1.0,0.06981,92.1738,6.7177,walk_west_up.9,178.6236,1.0,0.06981,1.0,0.06981,Sidewalk
207.0,206.3266,3.6505,0.03491,1.0,-0.0,91.6741,5.6176,walk_west_up.9,177.6239,1.0,-0.0,1.0,-0.0,Sidewalk
207.5,206.8266,3.6505,-0.0,1.0,-0.06981,91.1741,4.4753,walk_west_up.9,176.827,1.0,-0.06981,1.0,-0.06981,Sidewalk
208.0,207.3263,3.6331,-0.03491,1.0,-0.06981,90.6744,3.3404,walk_west_up.9,176.0143,1.0,-0.06981,1.0,-0.06981,Sidewalk
208.5,207.8263,3.6331,-0.0,1.0,0.06981,90.1744,2.2795,walk_west_up.9,175.688,1.0,0.06981,1.0,0.06981,Sidewalk
209.0,208.2253,3.661,0.06981,0.8,0.13963,89.7753,1.4546,walk_west_up.9,176.7435,0.8,0.13963,0.8,0.13963,Sidewalk
209.5,208.6094,3.7287,0.17453,0.78,0.20944,89.391,0.9578,walk_west_up.9,177.1475,0.78,0.20944,0.78,0.20944,Sidewalk
210.0,208.8377,3.8029,0.31416,0.48,0.27925,89.1626,1.1516,walk_west_up.9,179.9128,0.48,0.27925,0.48,0.27925,Sidewalk
210.5,208.8979,3.8698,0.83776,0.18,1.0472,89.1022,0.6432,walk_west_mid.12,182.2496,0.18,1.0472,0.18,1.0472,Sidewalk
211.0,208.8979,3.8698,0.83776,0.0,0.0,89.1022,0.1847,walk_west_mid.12,inf,0.0,0.0,0.0,0.0,Sidewalk
